-- Bangladesh players
INSERT INTO Person (personId, first_name, last_name, nationality, date_of_birth, Image) VALUES
    (1, 'Tamim', 'Iqbal', 'Bangladesh', TO_DATE('1989-03-20', 'YYYY-MM-DD'), EMPTY_BLOB());

INSERT INTO Person (personId, first_name, last_name, nationality, date_of_birth, Image) VALUES
    (2, 'Shakib', 'Al Hasan', 'Bangladesh', TO_DATE('1987-03-24', 'YYYY-MM-DD'), EMPTY_BLOB());

INSERT INTO Person (personId, first_name, last_name, nationality, date_of_birth, Image) VALUES
    (3, 'Mushfiqur', 'Rahim', 'Bangladesh', TO_DATE('1987-06-09', 'YYYY-MM-DD'), EMPTY_BLOB());

INSERT INTO Person (personId, first_name, last_name, nationality, date_of_birth, Image) VALUES
    (4, 'Mahmudullah', 'Riyad', 'Bangladesh', TO_DATE('1986-02-04', 'YYYY-MM-DD'), EMPTY_BLOB());

INSERT INTO Person (personId, first_name, last_name, nationality, date_of_birth, Image) VALUES
    (5, 'Mustafizur', 'Rahman', 'Bangladesh', TO_DATE('1995-09-06', 'YYYY-MM-DD'), EMPTY_BLOB());

INSERT INTO Person (personId, first_name, last_name, nationality, date_of_birth, Image) VALUES
    (6, 'Taskin', 'Ahmed', 'Bangladesh', TO_DATE('1995-04-03', 'YYYY-MM-DD'), EMPTY_BLOB());

INSERT INTO Person (personId, first_name, last_name, nationality, date_of_birth, Image) VALUES
    (7, 'Liton', 'Das', 'Bangladesh', TO_DATE('1994-10-13', 'YYYY-MM-DD'), EMPTY_BLOB());

INSERT INTO Person (personId, first_name, last_name, nationality, date_of_birth, Image) VALUES
    (8, 'Soumya', 'Sarkar', 'Bangladesh', TO_DATE('1993-02-25', 'YYYY-MM-DD'), EMPTY_BLOB());

INSERT INTO Person (personId, first_name, last_name, nationality, date_of_birth, Image) VALUES
    (9, 'Mehidy', 'Hasan', 'Bangladesh', TO_DATE('1997-10-25', 'YYYY-MM-DD'), EMPTY_BLOB());

INSERT INTO Person (personId, first_name, last_name, nationality, date_of_birth, Image) VALUES
    (10, 'Mosaddek', 'Hossain', 'Bangladesh', TO_DATE('1995-12-10', 'YYYY-MM-DD'), EMPTY_BLOB());

INSERT INTO Person (personId, first_name, last_name, nationality, date_of_birth, Image) VALUES
    (11, 'Rubel', 'Hossain', 'Bangladesh', TO_DATE('1990-01-01', 'YYYY-MM-DD'), EMPTY_BLOB());
-- India players
INSERT INTO Person (personId, first_name, last_name, nationality, date_of_birth, Image) VALUES
    (12, 'Virat', 'Kohli', 'India', TO_DATE('1988-11-05', 'YYYY-MM-DD'), EMPTY_BLOB());

INSERT INTO Person (personId, first_name, last_name, nationality, date_of_birth, Image) VALUES
    (13, 'Rohit', 'Sharma', 'India', TO_DATE('1987-04-30', 'YYYY-MM-DD'), EMPTY_BLOB());

INSERT INTO Person (personId, first_name, last_name, nationality, date_of_birth, Image) VALUES
    (14, 'Jasprit', 'Bumrah', 'India', TO_DATE('1993-12-06', 'YYYY-MM-DD'), EMPTY_BLOB());

INSERT INTO Person (personId, first_name, last_name, nationality, date_of_birth, Image) VALUES
    (15, 'Hardik', 'Pandya', 'India', TO_DATE('1993-10-11', 'YYYY-MM-DD'), EMPTY_BLOB());

INSERT INTO Person (personId, first_name, last_name, nationality, date_of_birth, Image) VALUES
    (16, 'KL', 'Rahul', 'India', TO_DATE('1992-04-18', 'YYYY-MM-DD'), EMPTY_BLOB());

INSERT INTO Person (personId, first_name, last_name, nationality, date_of_birth, Image) VALUES
    (17, 'Ravindra', 'Jadeja', 'India', TO_DATE('1988-12-06', 'YYYY-MM-DD'), EMPTY_BLOB());

INSERT INTO Person (personId, first_name, last_name, nationality, date_of_birth, Image) VALUES
    (18, 'Rishabh', 'Pant', 'India', TO_DATE('1997-10-04', 'YYYY-MM-DD'), EMPTY_BLOB());

INSERT INTO Person (personId, first_name, last_name, nationality, date_of_birth, Image) VALUES
    (19, 'Shikhar', 'Dhawan', 'India', TO_DATE('1985-12-05', 'YYYY-MM-DD'), EMPTY_BLOB());

INSERT INTO Person (personId, first_name, last_name, nationality, date_of_birth, Image) VALUES
    (20, 'Yuzvendra', 'Chahal', 'India', TO_DATE('1990-07-23', 'YYYY-MM-DD'), EMPTY_BLOB());

INSERT INTO Person (personId, first_name, last_name, nationality, date_of_birth, Image) VALUES
    (21, 'Kuldeep', 'Yadav', 'India', TO_DATE('1994-12-14', 'YYYY-MM-DD'), EMPTY_BLOB());

INSERT INTO Person (personId, first_name, last_name, nationality, date_of_birth, Image) VALUES
    (22, 'Bhuvneshwar', 'Kumar', 'India', TO_DATE('1990-02-05', 'YYYY-MM-DD'), EMPTY_BLOB());
-- Pakistan players
INSERT INTO Person (personId, first_name, last_name, nationality, date_of_birth, Image)
VALUES (23, 'Babar', 'Azam', 'Pakistan', TO_DATE('1994-10-15', 'YYYY-MM-DD'), EMPTY_BLOB());

INSERT INTO Person (personId, first_name, last_name, nationality, date_of_birth, Image)
VALUES (24, 'Shaheen', 'Afridi', 'Pakistan', TO_DATE('2000-04-06', 'YYYY-MM-DD'), EMPTY_BLOB());

INSERT INTO Person (personId, first_name, last_name, nationality, date_of_birth, Image)
VALUES (25, 'Fakhar', 'Zaman', 'Pakistan', TO_DATE('1990-04-10', 'YYYY-MM-DD'), EMPTY_BLOB());

INSERT INTO Person (personId, first_name, last_name, nationality, date_of_birth, Image)
VALUES (26, 'Mohammad', 'Rizwan', 'Pakistan', TO_DATE('1992-06-01', 'YYYY-MM-DD'), EMPTY_BLOB());

INSERT INTO Person (personId, first_name, last_name, nationality, date_of_birth, Image)
VALUES (27, 'Shadab', 'Khan', 'Pakistan', TO_DATE('1998-10-04', 'YYYY-MM-DD'), EMPTY_BLOB());

INSERT INTO Person (personId, first_name, last_name, nationality, date_of_birth, Image)
VALUES (28, 'Imad', 'Wasim', 'Pakistan', TO_DATE('1988-12-18', 'YYYY-MM-DD'), EMPTY_BLOB());

INSERT INTO Person (personId, first_name, last_name, nationality, date_of_birth, Image)
VALUES (29, 'Haris', 'Sohail', 'Pakistan', TO_DATE('1989-01-09', 'YYYY-MM-DD'), EMPTY_BLOB());

INSERT INTO Person (personId, first_name, last_name, nationality, date_of_birth, Image)
VALUES (30, 'Shoaib', 'Malik', 'Pakistan', TO_DATE('1982-02-01', 'YYYY-MM-DD'), EMPTY_BLOB());

INSERT INTO Person (personId, first_name, last_name, nationality, date_of_birth, Image)
VALUES (31, 'Wahab', 'Riaz', 'Pakistan', TO_DATE('1985-06-28', 'YYYY-MM-DD'), EMPTY_BLOB());

INSERT INTO Person (personId, first_name, last_name, nationality, date_of_birth, Image)
VALUES (32, 'Usman', 'Qadir', 'Pakistan', TO_DATE('1993-08-05', 'YYYY-MM-DD'), EMPTY_BLOB());

INSERT INTO Person (personId, first_name, last_name, nationality, date_of_birth, Image)
VALUES (33, 'Imran', 'Khan', 'Pakistan', TO_DATE('1988-06-10', 'YYYY-MM-DD'), EMPTY_BLOB());
-- Australia players
INSERT INTO Person (personId, first_name, last_name, nationality, date_of_birth, Image)
VALUES (34, 'Steve', 'Smith', 'Australia', TO_DATE('1989-06-02', 'YYYY-MM-DD'), EMPTY_BLOB());

INSERT INTO Person (personId, first_name, last_name, nationality, date_of_birth, Image)
VALUES (35, 'David', 'Warner', 'Australia', TO_DATE('1986-10-27', 'YYYY-MM-DD'), EMPTY_BLOB());

INSERT INTO Person (personId, first_name, last_name, nationality, date_of_birth, Image)
VALUES (36, 'Aaron', 'Finch', 'Australia', TO_DATE('1986-11-17', 'YYYY-MM-DD'), EMPTY_BLOB());

INSERT INTO Person (personId, first_name, last_name, nationality, date_of_birth, Image)
VALUES (37, 'Glenn', 'Maxwell', 'Australia', TO_DATE('1988-10-14', 'YYYY-MM-DD'), EMPTY_BLOB());

INSERT INTO Person (personId, first_name, last_name, nationality, date_of_birth, Image)
VALUES (38, 'Mitchell', 'Starc', 'Australia', TO_DATE('1990-01-30', 'YYYY-MM-DD'), EMPTY_BLOB());

INSERT INTO Person (personId, first_name, last_name, nationality, date_of_birth, Image)
VALUES (39, 'Pat', 'Cummins', 'Australia', TO_DATE('1993-05-08', 'YYYY-MM-DD'), EMPTY_BLOB());

INSERT INTO Person (personId, first_name, last_name, nationality, date_of_birth, Image)
VALUES (40, 'Adam', 'Zampa', 'Australia', TO_DATE('1992-03-31', 'YYYY-MM-DD'), EMPTY_BLOB());

INSERT INTO Person (personId, first_name, last_name, nationality, date_of_birth, Image)
VALUES (41, 'Alex', 'Carey', 'Australia', TO_DATE('1991-08-27', 'YYYY-MM-DD'), EMPTY_BLOB());

INSERT INTO Person (personId, first_name, last_name, nationality, date_of_birth, Image)
VALUES (42, 'Marcus', 'Stoinis', 'Australia', TO_DATE('1989-08-16', 'YYYY-MM-DD'), EMPTY_BLOB());

INSERT INTO Person (personId, first_name, last_name, nationality, date_of_birth, Image)
VALUES (43, 'Matthew', 'Wade', 'Australia', TO_DATE('1987-12-26', 'YYYY-MM-DD'), EMPTY_BLOB());

INSERT INTO Person (personId, first_name, last_name, nationality, date_of_birth, Image)
VALUES (44, 'Josh', 'Hazlewood', 'Australia', TO_DATE('1991-01-08', 'YYYY-MM-DD'), EMPTY_BLOB());
-- England players
INSERT INTO Person (personId, first_name, last_name, nationality, date_of_birth, Image)
VALUES (45, 'Joe', 'Root', 'England', TO_DATE('1990-12-30', 'YYYY-MM-DD'), EMPTY_BLOB());

INSERT INTO Person (personId, first_name, last_name, nationality, date_of_birth, Image)
VALUES (46, 'Eoin', 'Morgan', 'England', TO_DATE('1986-09-10', 'YYYY-MM-DD'), EMPTY_BLOB());

INSERT INTO Person (personId, first_name, last_name, nationality, date_of_birth, Image)
VALUES (47, 'Jason', 'Roy', 'England', TO_DATE('1990-07-21', 'YYYY-MM-DD'), EMPTY_BLOB());

INSERT INTO Person (personId, first_name, last_name, nationality, date_of_birth, Image)
VALUES (48, 'Jos', 'Buttler', 'England', TO_DATE('1990-09-08', 'YYYY-MM-DD'), EMPTY_BLOB());

INSERT INTO Person (personId, first_name, last_name, nationality, date_of_birth, Image)
VALUES (49, 'Ben', 'Stokes', 'England', TO_DATE('1991-06-04', 'YYYY-MM-DD'), EMPTY_BLOB());

INSERT INTO Person (personId, first_name, last_name, nationality, date_of_birth, Image)
VALUES (50, 'Jofra', 'Archer', 'England', TO_DATE('1995-04-03', 'YYYY-MM-DD'), EMPTY_BLOB());

INSERT INTO Person (personId, first_name, last_name, nationality, date_of_birth, Image)
VALUES (51, 'Mark', 'Wood', 'England', TO_DATE('1990-01-11', 'YYYY-MM-DD'), EMPTY_BLOB());

INSERT INTO Person (personId, first_name, last_name, nationality, date_of_birth, Image)
VALUES (52, 'Adil', 'Rashid', 'England', TO_DATE('1988-02-17', 'YYYY-MM-DD'), EMPTY_BLOB());

INSERT INTO Person (personId, first_name, last_name, nationality, date_of_birth, Image)
VALUES (53, 'Chris', 'Woakes', 'England', TO_DATE('1989-03-02', 'YYYY-MM-DD'), EMPTY_BLOB());

INSERT INTO Person (personId, first_name, last_name, nationality, date_of_birth, Image)
VALUES (54, 'Tom', 'Curran', 'England', TO_DATE('1995-03-12', 'YYYY-MM-DD'), EMPTY_BLOB());

INSERT INTO Person (personId, first_name, last_name, nationality, date_of_birth, Image)
VALUES (55, 'Moeen', 'Ali', 'England', TO_DATE('1987-06-18', 'YYYY-MM-DD'), EMPTY_BLOB());
-- New Zealand players
INSERT INTO Person (personId, first_name, last_name, nationality, date_of_birth, Image)
VALUES (56, 'Kane', 'Williamson', 'New Zealand', TO_DATE('1990-08-08', 'YYYY-MM-DD'), EMPTY_BLOB());

INSERT INTO Person (personId, first_name, last_name, nationality, date_of_birth, Image)
VALUES (57, 'Ross', 'Taylor', 'New Zealand', TO_DATE('1984-03-08', 'YYYY-MM-DD'), EMPTY_BLOB());

INSERT INTO Person (personId, first_name, last_name, nationality, date_of_birth, Image)
VALUES (58, 'Martin', 'Guptill', 'New Zealand', TO_DATE('1986-09-30', 'YYYY-MM-DD'), EMPTY_BLOB());

INSERT INTO Person (personId, first_name, last_name, nationality, date_of_birth, Image)
VALUES (59, 'Trent', 'Boult', 'New Zealand', TO_DATE('1989-07-22', 'YYYY-MM-DD'), EMPTY_BLOB());

INSERT INTO Person (personId, first_name, last_name, nationality, date_of_birth, Image)
VALUES (60, 'Lockie', 'Ferguson', 'New Zealand', TO_DATE('1991-06-13', 'YYYY-MM-DD'), EMPTY_BLOB());

INSERT INTO Person (personId, first_name, last_name, nationality, date_of_birth, Image)
VALUES (61, 'Colin', 'de Grandhomme', 'New Zealand', TO_DATE('1986-07-22', 'YYYY-MM-DD'), EMPTY_BLOB());

INSERT INTO Person (personId, first_name, last_name, nationality, date_of_birth, Image)
VALUES (62, 'Tim', 'Southee', 'New Zealand', TO_DATE('1988-12-11', 'YYYY-MM-DD'), EMPTY_BLOB());

INSERT INTO Person (personId, first_name, last_name, nationality, date_of_birth, Image)
VALUES (63, 'Kyle', 'Jamieson', 'New Zealand', TO_DATE('1994-12-30', 'YYYY-MM-DD'), EMPTY_BLOB());

INSERT INTO Person (personId, first_name, last_name, nationality, date_of_birth, Image)
VALUES (64, 'James', 'Neesham', 'New Zealand', TO_DATE('1990-09-17', 'YYYY-MM-DD'), EMPTY_BLOB());

INSERT INTO Person (personId, first_name, last_name, nationality, date_of_birth, Image)
VALUES (65, 'Tom', 'Latham', 'New Zealand', TO_DATE('1992-04-02', 'YYYY-MM-DD'), EMPTY_BLOB());

INSERT INTO Person (personId, first_name, last_name, nationality, date_of_birth, Image)
VALUES (66, 'Mitchell', 'Santner', 'New Zealand', TO_DATE('1992-02-05', 'YYYY-MM-DD'), EMPTY_BLOB());
-- South Africa players
INSERT INTO Person (personId, first_name, last_name, nationality, date_of_birth, Image)
VALUES (67, 'Quinton', 'de Kock', 'South Africa', TO_DATE('1992-12-17', 'YYYY-MM-DD'), EMPTY_BLOB());

INSERT INTO Person (personId, first_name, last_name, nationality, date_of_birth, Image)
VALUES (68, 'Faf', 'du Plessis', 'South Africa', TO_DATE('1984-07-13', 'YYYY-MM-DD'), EMPTY_BLOB());

INSERT INTO Person (personId, first_name, last_name, nationality, date_of_birth, Image)
VALUES (69, 'David', 'Miller', 'South Africa', TO_DATE('1989-06-10', 'YYYY-MM-DD'), EMPTY_BLOB());

INSERT INTO Person (personId, first_name, last_name, nationality, date_of_birth, Image)
VALUES (70, 'Kagiso', 'Rabada', 'South Africa', TO_DATE('1995-05-25', 'YYYY-MM-DD'), EMPTY_BLOB());

INSERT INTO Person (personId, first_name, last_name, nationality, date_of_birth, Image)
VALUES (71, 'Anrich', 'Nortje', 'South Africa', TO_DATE('1993-11-16', 'YYYY-MM-DD'), EMPTY_BLOB());

INSERT INTO Person (personId, first_name, last_name, nationality, date_of_birth, Image)
VALUES (72, 'Lungi', 'Ngidi', 'South Africa', TO_DATE('1996-03-29', 'YYYY-MM-DD'), EMPTY_BLOB());

INSERT INTO Person (personId, first_name, last_name, nationality, date_of_birth, Image)
VALUES (73, 'Rassie', 'van der Dussen', 'South Africa', TO_DATE('1989-06-07', 'YYYY-MM-DD'), EMPTY_BLOB());

INSERT INTO Person (personId, first_name, last_name, nationality, date_of_birth, Image)
VALUES (74, 'Andile', 'Phehlukwayo', 'South Africa', TO_DATE('1996-03-03', 'YYYY-MM-DD'), EMPTY_BLOB());

INSERT INTO Person (personId, first_name, last_name, nationality, date_of_birth, Image)
VALUES (75, 'Temba', 'Bavuma', 'South Africa', TO_DATE('1990-05-17', 'YYYY-MM-DD'), EMPTY_BLOB());

INSERT INTO Person (personId, first_name, last_name, nationality, date_of_birth, Image)
VALUES (76, 'Heinrich', 'Klaasen', 'South Africa', TO_DATE('1991-07-30', 'YYYY-MM-DD'), EMPTY_BLOB());

INSERT INTO Person (personId, first_name, last_name, nationality, date_of_birth, Image)
VALUES (77, 'Aiden', 'Markram', 'South Africa', TO_DATE('1994-10-04', 'YYYY-MM-DD'), EMPTY_BLOB());
-- Afghanistan players
INSERT INTO Person (personId, first_name, last_name, nationality, date_of_birth, Image)
VALUES (78, 'Rashid', 'Khan', 'Afghanistan', TO_DATE('1998-09-20', 'YYYY-MM-DD'), EMPTY_BLOB());

INSERT INTO Person (personId, first_name, last_name, nationality, date_of_birth, Image)
VALUES (79, 'Mohammad', 'Nabi', 'Afghanistan', TO_DATE('1985-01-01', 'YYYY-MM-DD'), EMPTY_BLOB());

INSERT INTO Person (personId, first_name, last_name, nationality, date_of_birth, Image)
VALUES (80, 'Asghar', 'Afghan', 'Afghanistan', TO_DATE('1987-12-22', 'YYYY-MM-DD'), EMPTY_BLOB());

INSERT INTO Person (personId, first_name, last_name, nationality, date_of_birth, Image)
VALUES (81, 'Rahmanullah', 'Gurbaz', 'Afghanistan', TO_DATE('2001-09-06', 'YYYY-MM-DD'), EMPTY_BLOB());

INSERT INTO Person (personId, first_name, last_name, nationality, date_of_birth, Image)
VALUES (82, 'Hazratullah', 'Zazai', 'Afghanistan', TO_DATE('1998-03-23', 'YYYY-MM-DD'), EMPTY_BLOB());

INSERT INTO Person (personId, first_name, last_name, nationality, date_of_birth, Image)
VALUES (83, 'Najibullah', 'Zadran', 'Afghanistan', TO_DATE('1993-02-01', 'YYYY-MM-DD'), EMPTY_BLOB());

INSERT INTO Person (personId, first_name, last_name, nationality, date_of_birth, Image)
VALUES (84, 'Mohammad', 'Shahzad', 'Afghanistan', TO_DATE('1987-01-31', 'YYYY-MM-DD'), EMPTY_BLOB());

INSERT INTO Person (personId, first_name, last_name, nationality, date_of_birth, Image)
VALUES (85, 'Gulbadin', 'Naib', 'Afghanistan', TO_DATE('1991-03-16', 'YYYY-MM-DD'), EMPTY_BLOB());

INSERT INTO Person (personId, first_name, last_name, nationality, date_of_birth, Image)
VALUES (86, 'Dawlat', 'Zadran', 'Afghanistan', TO_DATE('1988-03-20', 'YYYY-MM-DD'), EMPTY_BLOB());

INSERT INTO Person (personId, first_name, last_name, nationality, date_of_birth, Image)
VALUES (87, 'Karim', 'Janat', 'Afghanistan', TO_DATE('1998-02-25', 'YYYY-MM-DD'), EMPTY_BLOB());

INSERT INTO Person (personId, first_name, last_name, nationality, date_of_birth, Image)
VALUES (88, 'Qais', 'Ahmad', 'Afghanistan', TO_DATE('2000-12-05', 'YYYY-MM-DD'), EMPTY_BLOB());
-- West Indies players
INSERT INTO Person (personId, first_name, last_name, nationality, date_of_birth, Image)
VALUES (89, 'Chris', 'Gayle', 'West Indies', TO_DATE('1979-09-21', 'YYYY-MM-DD'), EMPTY_BLOB());

INSERT INTO Person (personId, first_name, last_name, nationality, date_of_birth, Image)
VALUES (90, 'Andre', 'Russell', 'West Indies', TO_DATE('1988-04-29', 'YYYY-MM-DD'), EMPTY_BLOB());

INSERT INTO Person (personId, first_name, last_name, nationality, date_of_birth, Image)
VALUES (91, 'Shai', 'Hope', 'West Indies', TO_DATE('1993-11-10', 'YYYY-MM-DD'), EMPTY_BLOB());

INSERT INTO Person (personId, first_name, last_name, nationality, date_of_birth, Image)
VALUES (92, 'Kieron', 'Pollard', 'West Indies', TO_DATE('1987-05-12', 'YYYY-MM-DD'), EMPTY_BLOB());

INSERT INTO Person (personId, first_name, last_name, nationality, date_of_birth, Image)
VALUES (93, 'Evin', 'Lewis', 'West Indies', TO_DATE('1991-12-27', 'YYYY-MM-DD'), EMPTY_BLOB());

INSERT INTO Person (personId, first_name, last_name, nationality, date_of_birth, Image)
VALUES (94, 'Nicholas', 'Pooran', 'West Indies', TO_DATE('1995-10-02', 'YYYY-MM-DD'), EMPTY_BLOB());

INSERT INTO Person (personId, first_name, last_name, nationality, date_of_birth, Image)
VALUES (95, 'Sheldon', 'Cottrell', 'West Indies', TO_DATE('1989-08-19', 'YYYY-MM-DD'), EMPTY_BLOB());

INSERT INTO Person (personId, first_name, last_name, nationality, date_of_birth, Image)
VALUES (96, 'Hayden', 'Walsh', 'West Indies', TO_DATE('1992-12-23', 'YYYY-MM-DD'), EMPTY_BLOB());

INSERT INTO Person (personId, first_name, last_name, nationality, date_of_birth, Image)
VALUES (97, 'Fabian', 'Allen', 'West Indies', TO_DATE('1995-05-07', 'YYYY-MM-DD'), EMPTY_BLOB());

INSERT INTO Person (personId, first_name, last_name, nationality, date_of_birth, Image)
VALUES (98, 'Roston', 'Chase', 'West Indies', TO_DATE('1992-03-22', 'YYYY-MM-DD'), EMPTY_BLOB());

INSERT INTO Person (personId, first_name, last_name, nationality, date_of_birth, Image)
VALUES (99, 'Alzarri', 'Joseph', 'West Indies', TO_DATE('1996-11-20', 'YYYY-MM-DD'), EMPTY_BLOB());
-- Umpires
INSERT INTO Person (personId, first_name, last_name, nationality, date_of_birth, Image)
VALUES (100, 'Simon', 'Taufel', 'Australia', TO_DATE('1971-01-21', 'YYYY-MM-DD'), EMPTY_BLOB());

INSERT INTO Person (personId, first_name, last_name, nationality, date_of_birth, Image)
VALUES (101, 'Aleem', 'Dar', 'Pakistan', TO_DATE('1968-06-06', 'YYYY-MM-DD'), EMPTY_BLOB());

INSERT INTO Person (personId, first_name, last_name, nationality, date_of_birth, Image)
VALUES (102, 'Kumar', 'Dharmasena', 'Sri Lanka', TO_DATE('1971-04-24', 'YYYY-MM-DD'), EMPTY_BLOB());

INSERT INTO Person (personId, first_name, last_name, nationality, date_of_birth, Image)
VALUES (103, 'Richard', 'Kettleborough', 'England', TO_DATE('1973-03-15', 'YYYY-MM-DD'), EMPTY_BLOB());

INSERT INTO Person (personId, first_name, last_name, nationality, date_of_birth, Image)
VALUES (104, 'Bruce', 'Oxenford', 'Australia', TO_DATE('1960-03-5', 'YYYY-MM-DD'), EMPTY_BLOB());

INSERT INTO Person (personId, first_name, last_name, nationality, date_of_birth, Image)
VALUES (105, 'Marais', 'Erasmus', 'South Africa', TO_DATE('1964-02-3', 'YYYY-MM-DD'), EMPTY_BLOB());

INSERT INTO Person (personId, first_name, last_name, nationality, date_of_birth, Image)
VALUES (106, 'Paul', 'Reiffel', 'Australia', TO_DATE('1966-01-12', 'YYYY-MM-DD'), EMPTY_BLOB());

INSERT INTO Person (personId, first_name, last_name, nationality, date_of_birth, Image)
VALUES (107, 'Joel', 'Wilson', 'West Indies', TO_DATE('1966-03-15', 'YYYY-MM-DD'), EMPTY_BLOB());

INSERT INTO Person (personId, first_name, last_name, nationality, date_of_birth, Image)
VALUES (108, 'Nitin', 'Menon', 'India', TO_DATE('1974-10-31', 'YYYY-MM-DD'), EMPTY_BLOB());

INSERT INTO Person (personId, first_name, last_name, nationality, date_of_birth, Image)
VALUES (109, 'Chris', 'Gaffaney', 'New Zealand', TO_DATE('1975-02-10', 'YYYY-MM-DD'), EMPTY_BLOB());
-- Bangladesh Coach
INSERT INTO Person (personId, first_name, last_name, nationality, date_of_birth, Image)
VALUES (110, 'Russell', 'Domingo', 'South Africa', TO_DATE('1974-08-30', 'YYYY-MM-DD'), EMPTY_BLOB());

-- India Coach
INSERT INTO Person (personId, first_name, last_name, nationality, date_of_birth, Image)
VALUES (111, 'Ravi', 'Shastri', 'India', TO_DATE('1962-05-27', 'YYYY-MM-DD'), EMPTY_BLOB());

-- Pakistan Coach
INSERT INTO Person (personId, first_name, last_name, nationality, date_of_birth, Image)
VALUES (112, 'Matthew', 'Hayden', 'Australia', TO_DATE('1971-10-29', 'YYYY-MM-DD'), EMPTY_BLOB());

-- Australia Coach
INSERT INTO Person (personId, first_name, last_name, nationality, date_of_birth, Image)
VALUES (113, 'Justin', 'Langer', 'Australia', TO_DATE('1970-11-21', 'YYYY-MM-DD'), EMPTY_BLOB());

-- England Coach
INSERT INTO Person (personId, first_name, last_name, nationality, date_of_birth, Image)
VALUES (114, 'Chris', 'Silverwood', 'England', TO_DATE('1975-03-05', 'YYYY-MM-DD'), EMPTY_BLOB());

-- New Zealand Coach
INSERT INTO Person (personId, first_name, last_name, nationality, date_of_birth, Image)
VALUES (115, 'Gary', 'Stead', 'New Zealand', TO_DATE('1972-08-23', 'YYYY-MM-DD'), EMPTY_BLOB());

-- South Africa Coach
INSERT INTO Person (personId, first_name, last_name, nationality, date_of_birth, Image)
VALUES (116, 'Mark', 'Boucher', 'South Africa', TO_DATE('1976-12-03', 'YYYY-MM-DD'), EMPTY_BLOB());

-- Afghanistan Coach
INSERT INTO Person (personId, first_name, last_name, nationality, date_of_birth, Image)
VALUES (117, 'Lance', 'Klusener', 'South Africa', TO_DATE('1971-09-04', 'YYYY-MM-DD'), EMPTY_BLOB());

-- West Indies Coach
INSERT INTO Person (personId, first_name, last_name, nationality, date_of_birth, Image)
VALUES (118, 'Phil', 'Simmons', 'West Indies', TO_DATE('1963-04-18', 'YYYY-MM-DD'), EMPTY_BLOB());

-- Insert data into Umpire Table with no_of_match_conducted set to 0
INSERT INTO Umpire (personId, no_of_match_conducted)
VALUES (100, 0);

INSERT INTO Umpire (personId, no_of_match_conducted)
VALUES (101, 0);

INSERT INTO Umpire (personId, no_of_match_conducted)
VALUES (102, 0);

INSERT INTO Umpire (personId, no_of_match_conducted)
VALUES (103, 0);

INSERT INTO Umpire (personId, no_of_match_conducted)
VALUES (104, 0);

INSERT INTO Umpire (personId, no_of_match_conducted)
VALUES (105, 0);

INSERT INTO Umpire (personId, no_of_match_conducted)
VALUES (106, 0);

INSERT INTO Umpire (personId, no_of_match_conducted)
VALUES (107, 0);

INSERT INTO Umpire (personId, no_of_match_conducted)
VALUES (108, 0);

INSERT INTO Umpire (personId, no_of_match_conducted)
VALUES (109, 0);
-- Inserting data into the Team table
INSERT INTO Team (Team_id, Team_Name)
VALUES (1, 'Bangladesh');

INSERT INTO Team (Team_id, Team_Name)
VALUES (2, 'India');

INSERT INTO Team (Team_id, Team_Name)
VALUES (3, 'Pakistan');

INSERT INTO Team (Team_id, Team_Name)
VALUES (4, 'Australia');

INSERT INTO Team (Team_id, Team_Name)
VALUES (5, 'England');

INSERT INTO Team (Team_id, Team_Name)
VALUES (6, 'New Zealand');

INSERT INTO Team (Team_id, Team_Name)
VALUES (7, 'South Africa');

INSERT INTO Team (Team_id, Team_Name)
VALUES (8, 'Afghanistan');

INSERT INTO Team (Team_id, Team_Name)
VALUES (9, 'West Indies');

INSERT INTO Stats (statId)
SELECT personId
FROM Person;
-- Batsmen
INSERT INTO Player (playerId, type, Team_id, statId)
VALUES (1, 'Batsman', 1, 1);

INSERT INTO Player (playerId, type, Team_id, statId)
VALUES (2, 'Batsman', 1, 2);

INSERT INTO Player (playerId, type, Team_id, statId)
VALUES (3, 'Batsman', 1, 3);

INSERT INTO Player (playerId, type, Team_id, statId)
VALUES (4, 'Batsman', 1, 4);

INSERT INTO Player (playerId, type, Team_id, statId)
VALUES (8, 'Batsman', 1, 8);

INSERT INTO Player (playerId, type, Team_id, statId)
VALUES (7, 'Batsman', 1, 7);

INSERT INTO Player (playerId, type, Team_id, statId)
VALUES (10, 'Batsman', 1, 10);

-- Bowlers
INSERT INTO Player (playerId, type, Team_id, statId)
VALUES (5, 'Bowler', 1, 5);

INSERT INTO Player (playerId, type, Team_id, statId)
VALUES (6, 'Bowler', 1, 6);

INSERT INTO Player (playerId, type, Team_id, statId)
VALUES (11, 'Bowler', 1, 11);

INSERT INTO Player (playerId, type, Team_id, statId)
VALUES (9, 'Bowler', 1, 9);
-- Batsmen
INSERT INTO Player (playerId, type, Team_id, statId)
VALUES (12, 'Batsman', 2, 12);

INSERT INTO Player (playerId, type, Team_id, statId)
VALUES (13, 'Batsman', 2, 13);

INSERT INTO Player (playerId, type, Team_id, statId)
VALUES (16, 'Batsman', 2, 16);

INSERT INTO Player (playerId, type, Team_id, statId)
VALUES (18, 'Batsman', 2, 18);

-- Bowlers
INSERT INTO Player (playerId, type, Team_id, statId)
VALUES (14, 'Bowler', 2, 14);

INSERT INTO Player (playerId, type, Team_id, statId)
VALUES (15, 'Bowler', 2, 15);

INSERT INTO Player (playerId, type, Team_id, statId)
VALUES (17, 'Bowler', 2, 17);

INSERT INTO Player (playerId, type, Team_id, statId)
VALUES (19, 'Bowler', 2, 19);

INSERT INTO Player (playerId, type, Team_id, statId)
VALUES (20, 'Bowler', 2, 20);

INSERT INTO Player (playerId, type, Team_id, statId)
VALUES (21, 'Bowler', 2, 21);

INSERT INTO Player (playerId, type, Team_id, statId)
VALUES (22, 'Bowler', 2, 22);
-- Pakistan players
-- Batsmen
INSERT INTO Player (playerId, type, Team_id, statId)
VALUES (23, 'Batsman', 3, 23);

INSERT INTO Player (playerId, type, Team_id, statId)
VALUES (25, 'Batsman', 3, 25);

INSERT INTO Player (playerId, type, Team_id, statId)
VALUES (26, 'Batsman', 3, 26);

INSERT INTO Player (playerId, type, Team_id, statId)
VALUES (29, 'Batsman', 3, 29);

-- All-rounders
INSERT INTO Player (playerId, type, Team_id, statId)
VALUES (24, 'Batsman', 3, 24);

INSERT INTO Player (playerId, type, Team_id, statId)
VALUES (28, 'Batsman', 3, 28);

-- Bowlers
INSERT INTO Player (playerId, type, Team_id, statId)
VALUES (27, 'Bowler', 3, 27);

INSERT INTO Player (playerId, type, Team_id, statId)
VALUES (30, 'Bowler', 3, 30);

INSERT INTO Player (playerId, type, Team_id, statId)
VALUES (31, 'Bowler', 3, 31);

INSERT INTO Player (playerId, type, Team_id, statId)
VALUES (32, 'Bowler', 3, 32);

INSERT INTO Player (playerId, type, Team_id, statId)
VALUES (33, 'Bowler', 3, 33);
-- Inserting data for Australian players
INSERT INTO Player (playerId, type, Team_id, statId)
VALUES (34, 'Batsman', 4, 34);

INSERT INTO Player (playerId, type, Team_id, statId)
VALUES (35, 'Batsman', 4, 35);

INSERT INTO Player (playerId, type, Team_id, statId)
VALUES (36, 'Batsman', 4, 36);

INSERT INTO Player (playerId, type, Team_id, statId)
VALUES (37, 'Batsman', 4, 37);

INSERT INTO Player (playerId, type, Team_id, statId)
VALUES (38, 'Bowler', 4, 38);

INSERT INTO Player (playerId, type, Team_id, statId)
VALUES (39, 'Bowler', 4, 39);

INSERT INTO Player (playerId, type, Team_id, statId)
VALUES (40, 'Bowler', 4, 40);

INSERT INTO Player (playerId, type, Team_id, statId)
VALUES (41, 'Batsman', 4, 41);

INSERT INTO Player (playerId, type, Team_id, statId)
VALUES (42, 'Batsman', 4, 42);

INSERT INTO Player (playerId, type, Team_id, statId)
VALUES (43, 'Batsman', 4, 43);

INSERT INTO Player (playerId, type, Team_id, statId)
VALUES (44, 'Bowler', 4, 44);
-- Inserting data for England players
INSERT INTO Player (playerId, type, Team_id, statId)
VALUES (45, 'Batsman', 5, 45);

INSERT INTO Player (playerId, type, Team_id, statId)
VALUES (46, 'Batsman', 5, 46);

INSERT INTO Player (playerId, type, Team_id, statId)
VALUES (47, 'Batsman', 5, 47);

INSERT INTO Player (playerId, type, Team_id, statId)
VALUES (48, 'Batsman', 5, 48);

INSERT INTO Player (playerId, type, Team_id, statId)
VALUES (49, 'Batsman', 5, 49);

INSERT INTO Player (playerId, type, Team_id, statId)
VALUES (50, 'Batsman', 5, 50);

INSERT INTO Player (playerId, type, Team_id, statId)
VALUES (51, 'Batsman', 5, 51);

INSERT INTO Player (playerId, type, Team_id, statId)
VALUES (52, 'Batsman', 5, 52);

INSERT INTO Player (playerId, type, Team_id, statId)
VALUES (53, 'Batsman', 5, 53);

INSERT INTO Player (playerId, type, Team_id, statId)
VALUES (54, 'Batsman', 5, 54);

INSERT INTO Player (playerId, type, Team_id, statId)
VALUES (55, 'Batsman', 5, 55);
-- Inserting data for New Zealand players
INSERT INTO Player (playerId, type, Team_id, statId)
VALUES (56, 'Batsman', 6, 56);

INSERT INTO Player (playerId, type, Team_id, statId)
VALUES (57, 'Batsman', 6, 57);

INSERT INTO Player (playerId, type, Team_id, statId)
VALUES (58, 'Batsman', 6, 58);

INSERT INTO Player (playerId, type, Team_id, statId)
VALUES (59, 'Bowler', 6, 59);

INSERT INTO Player (playerId, type, Team_id, statId)
VALUES (60, 'Bowler', 6, 60);

INSERT INTO Player (playerId, type, Team_id, statId)
VALUES (61, 'Bowler', 6, 61);

INSERT INTO Player (playerId, type, Team_id, statId)
VALUES (62, 'Bowler', 6, 62);

INSERT INTO Player (playerId, type, Team_id, statId)
VALUES (63, 'Bowler', 6, 63);

INSERT INTO Player (playerId, type, Team_id, statId)
VALUES (64, 'Batsman', 6, 64);

INSERT INTO Player (playerId, type, Team_id, statId)
VALUES (65, 'Batsman', 6, 65);

INSERT INTO Player (playerId, type, Team_id, statId)
VALUES (66, 'Bowler', 6, 66);
-- Inserting data for South African players
INSERT INTO Player (playerId, type, Team_id, statId)
VALUES (67, 'Batsman', 7, 67);

INSERT INTO Player (playerId, type, Team_id, statId)
VALUES (68, 'Batsman', 7, 68);

INSERT INTO Player (playerId, type, Team_id, statId)
VALUES (69, 'Batsman', 7, 69);

INSERT INTO Player (playerId, type, Team_id, statId)
VALUES (70, 'Bowler', 7, 70);

INSERT INTO Player (playerId, type, Team_id, statId)
VALUES (71, 'Bowler', 7, 71);

INSERT INTO Player (playerId, type, Team_id, statId)
VALUES (72, 'Bowler', 7, 72);

INSERT INTO Player (playerId, type, Team_id, statId)
VALUES (73, 'Batsman', 7, 73);

INSERT INTO Player (playerId, type, Team_id, statId)
VALUES (74, 'Bowler', 7, 74);

INSERT INTO Player (playerId, type, Team_id, statId)
VALUES (75, 'Batsman', 7, 75);

INSERT INTO Player (playerId, type, Team_id, statId)
VALUES (76, 'Batsman', 7, 76);

INSERT INTO Player (playerId, type, Team_id, statId)
VALUES (77, 'Batsman', 7, 77);
-- Inserting data for Afghanistan players
INSERT INTO Player (playerId, type, Team_id, statId)
VALUES (78, 'Bowler', 8, 78);

INSERT INTO Player (playerId, type, Team_id, statId)
VALUES (79, 'Batsman', 8, 79);

INSERT INTO Player (playerId, type, Team_id, statId)
VALUES (80, 'Batsman', 8, 80);

INSERT INTO Player (playerId, type, Team_id, statId)
VALUES (81, 'Batsman', 8, 81);

INSERT INTO Player (playerId, type, Team_id, statId)
VALUES (82, 'Batsman', 8, 82);

INSERT INTO Player (playerId, type, Team_id, statId)
VALUES (83, 'Batsman', 8, 83);

INSERT INTO Player (playerId, type, Team_id, statId)
VALUES (84, 'Batsman', 8, 84);

INSERT INTO Player (playerId, type, Team_id, statId)
VALUES (85, 'Bowler', 8, 85);

INSERT INTO Player (playerId, type, Team_id, statId)
VALUES (86, 'Bowler', 8, 86);

INSERT INTO Player (playerId, type, Team_id, statId)
VALUES (87, 'Bowler', 8, 87);

INSERT INTO Player (playerId, type, Team_id, statId)
VALUES (88, 'Bowler', 8, 88);
-- Inserting data for West Indies players
INSERT INTO Player (playerId, type, Team_id, statId)
VALUES (89, 'Batsman', 9, 89);

INSERT INTO Player (playerId, type, Team_id, statId)
VALUES (90, 'Batsman', 9, 90);

INSERT INTO Player (playerId, type, Team_id, statId)
VALUES (91, 'Batsman', 9, 91);

INSERT INTO Player (playerId, type, Team_id, statId)
VALUES (92, 'Batsman', 9, 92);

INSERT INTO Player (playerId, type, Team_id, statId)
VALUES (93, 'Batsman', 9, 93);

INSERT INTO Player (playerId, type, Team_id, statId)
VALUES (94, 'Batsman', 9, 94);

INSERT INTO Player (playerId, type, Team_id, statId)
VALUES (95, 'Bowler', 9, 95);

INSERT INTO Player (playerId, type, Team_id, statId)
VALUES (96, 'Bowler', 9, 96);

INSERT INTO Player (playerId, type, Team_id, statId)
VALUES (97, 'Batsman', 9, 97);

INSERT INTO Player (playerId, type, Team_id, statId)
VALUES (98, 'Batsman', 9, 98);

INSERT INTO Player (playerId, type, Team_id, statId)
VALUES (99, 'Bowler', 9, 99);
INSERT INTO Bowler (playerId)
SELECT playerId
FROM Player
WHERE type = 'Bowler';
-- Insert batsmen data into Batsman table
INSERT INTO Batsman (playerId, Batting_Style)
SELECT playerId, 'Batsman' FROM Player WHERE type = 'Batsman';

/*
Bowling Style will be updated later
Batting style will be updated later



*/
-- Bangladesh Coach Data
INSERT INTO Coach (personId, start_date_of_career, Team_id)
VALUES (110, TO_DATE('2020-01-01', 'YYYY-MM-DD'), 1);

-- India Coach Data
INSERT INTO Coach (personId, start_date_of_career, Team_id)
VALUES (111, TO_DATE('2019-08-16', 'YYYY-MM-DD'), 2);

-- Pakistan Coach Data
INSERT INTO Coach (personId, start_date_of_career, Team_id)
VALUES (112, TO_DATE('2022-03-01', 'YYYY-MM-DD'), 3);

-- Australia Coach Data
INSERT INTO Coach (personId, start_date_of_career, Team_id)
VALUES (113, TO_DATE('2018-11-01', 'YYYY-MM-DD'), 4);

-- England Coach Data
INSERT INTO Coach (personId, start_date_of_career, Team_id)
VALUES (114, TO_DATE('2019-10-07', 'YYYY-MM-DD'), 5);

-- New Zealand Coach Data
INSERT INTO Coach (personId, start_date_of_career, Team_id)
VALUES (115, TO_DATE('2018-08-01', 'YYYY-MM-DD'), 6);

-- South Africa Coach Data
INSERT INTO Coach (personId, start_date_of_career, Team_id)
VALUES (116, TO_DATE('2019-12-01', 'YYYY-MM-DD'), 7);

-- Afghanistan Coach Data
INSERT INTO Coach (personId, start_date_of_career, Team_id)
VALUES (117, TO_DATE('2021-02-15', 'YYYY-MM-DD'), 8);

-- West Indies Coach Data
INSERT INTO Coach (personId, start_date_of_career, Team_id)
VALUES (118, TO_DATE('2019-07-01', 'YYYY-MM-DD'), 9);
-- Insert sample data into Venue table
INSERT INTO Venue (Venue_id, Address, City, Street_No, HighestScoringMatch, HighestWicketMatch, Demerit_Point)
VALUES (1, 'Bangladesh National Stadium', 'Dhaka', 'Sher-e-Bangla Nagar', NULL, NULL, 0);

INSERT INTO Venue (Venue_id, Address, City, Street_No, HighestScoringMatch, HighestWicketMatch, Demerit_Point)
VALUES (2, 'Eden Gardens', 'Kolkata', 'BBD Bagh Road', NULL, NULL, 0);

INSERT INTO Venue (Venue_id, Address, City, Street_No, HighestScoringMatch, HighestWicketMatch, Demerit_Point)
VALUES (3, 'National Stadium', 'Karachi', 'Hassan Square', NULL, NULL, 0);

INSERT INTO Venue (Venue_id, Address, City, Street_No, HighestScoringMatch, HighestWicketMatch, Demerit_Point)
VALUES (4, 'Melbourne Cricket Ground', 'Melbourne', 'Brunton Ave', NULL, NULL, 0);

INSERT INTO Venue (Venue_id, Address, City, Street_No, HighestScoringMatch, HighestWicketMatch, Demerit_Point)
VALUES (5, 'Lord''s Cricket Ground', 'London', 'St. John''s Wood Road', NULL, NULL, 0);

INSERT INTO Venue (Venue_id, Address, City, Street_No, HighestScoringMatch, HighestWicketMatch, Demerit_Point)
VALUES (6, 'Eden Park', 'Auckland', 'Reimers Ave', NULL, NULL, 0);

INSERT INTO Venue (Venue_id, Address, City, Street_No, HighestScoringMatch, HighestWicketMatch, Demerit_Point)
VALUES (7, 'Newlands', 'Cape Town', 'Table Mountain Blvd', NULL, NULL, 0);

INSERT INTO Venue (Venue_id, Address, City, Street_No, HighestScoringMatch, HighestWicketMatch, Demerit_Point)
VALUES (8, 'Rashid Latif Cricket Academy', 'Kabul', 'Karte Seh', NULL, NULL, 0);

INSERT INTO Venue (Venue_id, Address, City, Street_No, HighestScoringMatch, HighestWicketMatch, Demerit_Point)
VALUES (9, 'Kensington Oval', 'Bridgetown', 'Fontabelle', NULL, NULL, 0);
-- First, create a new column for storing image URLs or file paths
ALTER TABLE Person ADD (Image_URL VARCHAR2(255));

-- Then, update the new column with the values from the existing BLOB column
UPDATE Person SET Image_URL = TO_CHAR(Image);

-- Drop the existing BLOB column
ALTER TABLE Person DROP COLUMN Image;
-- Bangladesh vs India
INSERT INTO Series (Series_ID, Series_Name, Host, Man_Of_The_Series, Winner, No_Of_Sixes, No_Of_Fours, No_Of_Hat_Tricks)
VALUES (1, 'Bangladesh vs India', 'Bangladesh', NULL, NULL, NULL, NULL, NULL);

-- Pakistan vs South Africa
INSERT INTO Series (Series_ID, Series_Name, Host, Man_Of_The_Series, Winner, No_Of_Sixes, No_Of_Fours, No_Of_Hat_Tricks)
VALUES (2, 'Pakistan vs South Africa', 'Pakistan', NULL, NULL, NULL, NULL, NULL);

-- England vs Australia
INSERT INTO Series (Series_ID, Series_Name, Host, Man_Of_The_Series, Winner, No_Of_Sixes, No_Of_Fours, No_Of_Hat_Tricks)
VALUES (3, 'England vs Australia', 'England', NULL, NULL, NULL, NULL, NULL);

-- Afghanistan vs West Indies
INSERT INTO Series (Series_ID, Series_Name, Host, Man_Of_The_Series, Winner, No_Of_Sixes, No_Of_Fours, No_Of_Hat_Tricks)
VALUES (4, 'Afghanistan vs West Indies', 'Afghanistan', NULL, NULL, NULL, NULL, NULL);

-- India vs New Zealand
INSERT INTO Series (Series_ID, Series_Name, Host, Man_Of_The_Series, Winner, No_Of_Sixes, No_Of_Fours, No_Of_Hat_Tricks)
VALUES (5, 'India vs New Zealand', 'India', NULL, NULL, NULL, NULL, NULL);
ALTER TABLE Series
ADD Series_Image VARCHAR2(512); -- Adjust the size as needed
-- Bangladesh vs India Series (Series_ID: 1)
INSERT INTO Team_Participates_In_Series (Team_ID, Series_ID)
VALUES (1, 1); -- Bangladesh
INSERT INTO Team_Participates_In_Series (Team_ID, Series_ID)
VALUES (2, 1); -- India

-- Pakistan vs South Africa Series (Series_ID: 2)
INSERT INTO Team_Participates_In_Series (Team_ID, Series_ID)
VALUES (3, 2); -- Pakistan
INSERT INTO Team_Participates_In_Series (Team_ID, Series_ID)
VALUES (7, 2); -- South Africa

-- England vs Australia Series (Series_ID: 3)
INSERT INTO Team_Participates_In_Series (Team_ID, Series_ID)
VALUES (5, 3); -- England
INSERT INTO Team_Participates_In_Series (Team_ID, Series_ID)
VALUES (4, 3); -- Australia

-- Afghanistan vs West Indies Series (Series_ID: 4)
INSERT INTO Team_Participates_In_Series (Team_ID, Series_ID)
VALUES (8, 4); -- Afghanistan
INSERT INTO Team_Participates_In_Series (Team_ID, Series_ID)
VALUES (9, 4); -- West Indies

-- India vs New Zealand Series (Series_ID: 5)
INSERT INTO Team_Participates_In_Series (Team_ID, Series_ID)
VALUES (2, 5); -- India
INSERT INTO Team_Participates_In_Series (Team_ID, Series_ID)
VALUES (6, 5); -- New Zealand
CREATE TABLE New_Scorecard (
    Scorecard_id NUMBER PRIMARY KEY,
    Player_id NUMBER,
    Overs_Bowled NUMBER,
    Taken_Wickets NUMBER,
    Given_Total_Runs NUMBER,
    Total_Runs NUMBER,
    Total_Balls_Faced NUMBER,
    Given_Extras NUMBER,
    Maiden_Overs_Given NUMBER,
    Total_Sixes_Hit NUMBER,
    Total_Fours_Hit NUMBER,
    Demerit_Points NUMBER,
    Penalized NUMBER,
    Total_Catches_Taken NUMBER,
    Match_id NUMBER UNIQUE,
    FOREIGN KEY (Match_id) REFERENCES Match(Match_id),
    FOREIGN KEY (Player_id) REFERENCES Player(playerId)
);
INSERT INTO New_Scorecard (Scorecard_id, Player_id, Overs_Bowled, Taken_Wickets, Given_Total_Runs, Total_Runs, Total_Balls_Faced, Given_Extras, Maiden_Overs_Given, Total_Sixes_Hit, Total_Fours_Hit, Demerit_Points, Penalized, Total_Catches_Taken, Match_id)
SELECT Scorecard_id, Player_id, Overs_Bowled, Taken_Wickets, Given_Total_Runs, Total_Runs, Total_Balls_Faced, Given_Extras, Maiden_Overs_Given, Total_Sixes_Hit, Total_Fours_Hit, Demerit_Points, Penalized, Total_Catches_Taken, Match_id
FROM Scorecard;
DROP TABLE Scorecard;
ALTER TABLE New_Scorecard RENAME TO Scorecard;
-- Series 1: Bangladesh vs India
INSERT INTO Match (Match_id, Man_Of_The_Match, Weather, Winner, Team1_id, Team2_id, Venue_id, Series_ID)
VALUES (1, NULL, 'Sunny', NULL, 1, 2, 1, 1);

INSERT INTO Match (Match_id, Man_Of_The_Match, Weather, Winner, Team1_id, Team2_id, Venue_id, Series_ID)
VALUES (2, NULL, 'Cloudy', NULL, 1, 2, 1, 1);

INSERT INTO Match (Match_id, Man_Of_The_Match, Weather, Winner, Team1_id, Team2_id, Venue_id, Series_ID)
VALUES (3, NULL, 'Rainy', NULL, 1, 2, 1, 1);

-- Series 2: Pakistan vs South Africa
INSERT INTO Match (Match_id, Man_Of_The_Match, Weather, Winner, Team1_id, Team2_id, Venue_id, Series_ID)
VALUES (4, NULL, 'Sunny', NULL, 3, 4, 2, 2);

INSERT INTO Match (Match_id, Man_Of_The_Match, Weather, Winner, Team1_id, Team2_id, Venue_id, Series_ID)
VALUES (5, NULL, 'Cloudy', NULL, 3, 4, 2, 2);

INSERT INTO Match (Match_id, Man_Of_The_Match, Weather, Winner, Team1_id, Team2_id, Venue_id, Series_ID)
VALUES (6, NULL, 'Rainy', NULL, 3, 4, 2, 2);

-- Series 3: England vs Australia
INSERT INTO Match (Match_id, Man_Of_The_Match, Weather, Winner, Team1_id, Team2_id, Venue_id, Series_ID)
VALUES (7, NULL, 'Sunny', NULL, 5, 6, 3, 3);

INSERT INTO Match (Match_id, Man_Of_The_Match, Weather, Winner, Team1_id, Team2_id, Venue_id, Series_ID)
VALUES (8, NULL, 'Cloudy', NULL, 5, 6, 3, 3);

INSERT INTO Match (Match_id, Man_Of_The_Match, Weather, Winner, Team1_id, Team2_id, Venue_id, Series_ID)
VALUES (9, NULL, 'Rainy', NULL, 5, 6, 3, 3);

-- Series 4: Afghanistan vs West Indies
INSERT INTO Match (Match_id, Man_Of_The_Match, Weather, Winner, Team1_id, Team2_id, Venue_id, Series_ID)
VALUES (10, NULL, 'Sunny', NULL, 8, 9, 4, 4);

INSERT INTO Match (Match_id, Man_Of_The_Match, Weather, Winner, Team1_id, Team2_id, Venue_id, Series_ID)
VALUES (11, NULL, 'Cloudy', NULL, 8, 9, 4, 4);

INSERT INTO Match (Match_id, Man_Of_The_Match, Weather, Winner, Team1_id, Team2_id, Venue_id, Series_ID)
VALUES (12, NULL, 'Rainy', NULL, 8, 9, 4, 4);

-- Series 5: India vs New Zealand
INSERT INTO Match (Match_id, Man_Of_The_Match, Weather, Winner, Team1_id, Team2_id, Venue_id, Series_ID)
VALUES (13, NULL, 'Sunny', NULL, 2, 6, 5, 5);

INSERT INTO Match (Match_id, Man_Of_The_Match, Weather, Winner, Team1_id, Team2_id, Venue_id, Series_ID)
VALUES (14, NULL, 'Cloudy', NULL, 2, 6, 5, 5);

INSERT INTO Match (Match_id, Man_Of_The_Match, Weather, Winner, Team1_id, Team2_id, Venue_id, Series_ID)
VALUES (15, NULL, 'Rainy', NULL, 2, 6, 5, 5);
-- Bangladesh Batsmen
-- Batsmen
INSERT INTO Scorecard (Scorecard_id, Player_id, Overs_Bowled, Taken_Wickets, Given_Total_Runs, Total_Runs, Total_Balls_Faced, Given_Extras, Maiden_Overs_Given, Total_Sixes_Hit, Total_Fours_Hit, Demerit_Points, Penalized, Total_Catches_Taken, Match_id)
VALUES (1, 1, 0, 0, 0, 43, 50, 0, 0, 2, 1, 0, 0, 1, 1);

INSERT INTO Scorecard (Scorecard_id, Player_id, Overs_Bowled, Taken_Wickets, Given_Total_Runs, Total_Runs, Total_Balls_Faced, Given_Extras, Maiden_Overs_Given, Total_Sixes_Hit, Total_Fours_Hit, Demerit_Points, Penalized, Total_Catches_Taken, Match_id)
VALUES (2, 2, 0, 0, 0, 15, 20, 0, 0, 1, 2, 0, 0, 0, 1);

INSERT INTO Scorecard (Scorecard_id, Player_id, Overs_Bowled, Taken_Wickets, Given_Total_Runs, Total_Runs, Total_Balls_Faced, Given_Extras, Maiden_Overs_Given, Total_Sixes_Hit, Total_Fours_Hit, Demerit_Points, Penalized, Total_Catches_Taken, Match_id)
VALUES (3, 3, 0, 0, 0, 32, 40, 0, 0, 0, 4, 0, 0, 0, 1);

INSERT INTO Scorecard (Scorecard_id, Player_id, Overs_Bowled, Taken_Wickets, Given_Total_Runs, Total_Runs, Total_Balls_Faced, Given_Extras, Maiden_Overs_Given, Total_Sixes_Hit, Total_Fours_Hit, Demerit_Points, Penalized, Total_Catches_Taken, Match_id)
VALUES (4, 4, 0, 0, 0, 21, 28, 0, 0, 0, 3, 0, 0, 0, 1);

INSERT INTO Scorecard (Scorecard_id, Player_id, Overs_Bowled, Taken_Wickets, Given_Total_Runs, Total_Runs, Total_Balls_Faced, Given_Extras, Maiden_Overs_Given, Total_Sixes_Hit, Total_Fours_Hit, Demerit_Points, Penalized, Total_Catches_Taken, Match_id)
VALUES (5, 8, 0, 0, 0, 14, 15, 0, 0, 0, 2, 0, 0, 0, 1);

INSERT INTO Scorecard (Scorecard_id, Player_id, Overs_Bowled, Taken_Wickets, Given_Total_Runs, Total_Runs, Total_Balls_Faced, Given_Extras, Maiden_Overs_Given, Total_Sixes_Hit, Total_Fours_Hit, Demerit_Points, Penalized, Total_Catches_Taken, Match_id)
VALUES (6, 7, 0, 0, 0, 8, 12, 0, 0, 0, 1, 0, 0, 0, 1);

INSERT INTO Scorecard (Scorecard_id, Player_id, Overs_Bowled, Taken_Wickets, Given_Total_Runs, Total_Runs, Total_Balls_Faced, Given_Extras, Maiden_Overs_Given, Total_Sixes_Hit, Total_Fours_Hit, Demerit_Points, Penalized, Total_Catches_Taken, Match_id)
VALUES (7, 10, 0, 0, 0, 7, 10, 0, 0, 0, 1, 0, 0, 0, 1);

-- Bangladesh Bowlers
INSERT INTO Scorecard (Scorecard_id, Player_id, Overs_Bowled, Taken_Wickets, Given_Total_Runs, Total_Runs, Total_Balls_Faced, Given_Extras, Maiden_Overs_Given, Total_Sixes_Hit, Total_Fours_Hit, Demerit_Points, Penalized, Total_Catches_Taken, Match_id)
VALUES (8, 5, 4.0, 2, 25, 2, 3, 0, 1, 0, 0, 0, 0, 1, 1);

INSERT INTO Scorecard (Scorecard_id, Player_id, Overs_Bowled, Taken_Wickets, Given_Total_Runs, Total_Runs, Total_Balls_Faced, Given_Extras, Maiden_Overs_Given, Total_Sixes_Hit, Total_Fours_Hit, Demerit_Points, Penalized, Total_Catches_Taken, Match_id)
VALUES (9, 6, 5.0, 1, 28, 1, 2, 1, 0, 0, 0, 0, 0, 1, 1);

INSERT INTO Scorecard (Scorecard_id, Player_id, Overs_Bowled, Taken_Wickets, Given_Total_Runs, Total_Runs, Total_Balls_Faced, Given_Extras, Maiden_Overs_Given, Total_Sixes_Hit, Total_Fours_Hit, Demerit_Points, Penalized, Total_Catches_Taken, Match_id)
VALUES (10, 11, 4.0, 0, 18, 0, 0, 3, 0, 0, 0, 0, 0, 1, 1);

INSERT INTO Scorecard (Scorecard_id, Player_id, Overs_Bowled, Taken_Wickets, Given_Total_Runs, Total_Runs, Total_Balls_Faced, Given_Extras, Maiden_Overs_Given, Total_Sixes_Hit, Total_Fours_Hit, Demerit_Points, Penalized, Total_Catches_Taken, Match_id)
VALUES (11, 9, 5.0, 2, 30, 3, 4, 0, 1, 0, 0, 0, 0, 0, 1);

-- India Batsmen
INSERT INTO Scorecard (Scorecard_id, Player_id, Overs_Bowled, Taken_Wickets, Given_Total_Runs, Total_Runs, Total_Balls_Faced, Given_Extras, Maiden_Overs_Given, Total_Sixes_Hit, Total_Fours_Hit, Demerit_Points, Penalized, Total_Catches_Taken, Match_id)
VALUES (12, 12, 0, 0, 0, 120, 130, 0, 0, 1, 12, 0, 0, 0, 1);

INSERT INTO Scorecard (Scorecard_id, Player_id, Overs_Bowled, Taken_Wickets, Given_Total_Runs, Total_Runs, Total_Balls_Faced, Given_Extras, Maiden_Overs_Given, Total_Sixes_Hit, Total_Fours_Hit, Demerit_Points, Penalized, Total_Catches_Taken, Match_id)
VALUES (13, 13, 0, 0, 0, 85, 100, 1, 0, 0, 9, 0, 0, 0, 1);

INSERT INTO Scorecard (Scorecard_id, Player_id, Overs_Bowled, Taken_Wickets, Given_Total_Runs, Total_Runs, Total_Balls_Faced, Given_Extras, Maiden_Overs_Given, Total_Sixes_Hit, Total_Fours_Hit, Demerit_Points, Penalized, Total_Catches_Taken, Match_id)
VALUES (14, 14, 0, 0, 0, 70, 80, 0, 0, 0, 7, 0, 0, 0, 1);

INSERT INTO Scorecard (Scorecard_id, Player_id, Overs_Bowled, Taken_Wickets, Given_Total_Runs, Total_Runs, Total_Balls_Faced, Given_Extras, Maiden_Overs_Given, Total_Sixes_Hit, Total_Fours_Hit, Demerit_Points, Penalized, Total_Catches_Taken, Match_id)
VALUES (15, 15, 0, 0, 0, 105, 120, 1, 0, 1, 9, 0, 0, 0, 1);

INSERT INTO Scorecard (Scorecard_id, Player_id, Overs_Bowled, Taken_Wickets, Given_Total_Runs, Total_Runs, Total_Balls_Faced, Given_Extras, Maiden_Overs_Given, Total_Sixes_Hit, Total_Fours_Hit, Demerit_Points, Penalized, Total_Catches_Taken, Match_id)
VALUES (16, 16, 0, 0, 0, 30, 40, 0, 0, 1, 2, 0, 0, 0, 1);

INSERT INTO Scorecard (Scorecard_id, Player_id, Overs_Bowled, Taken_Wickets, Given_Total_Runs, Total_Runs, Total_Balls_Faced, Given_Extras, Maiden_Overs_Given, Total_Sixes_Hit, Total_Fours_Hit, Demerit_Points, Penalized, Total_Catches_Taken, Match_id)
VALUES (17, 17, 0, 0, 0, 22, 30, 0, 0, 0, 3, 0, 0, 0, 1);

-- India Bowlers
INSERT INTO Scorecard (Scorecard_id, Player_id, Overs_Bowled, Taken_Wickets, Given_Total_Runs, Total_Runs, Total_Balls_Faced, Given_Extras, Maiden_Overs_Given, Total_Sixes_Hit, Total_Fours_Hit, Demerit_Points, Penalized, Total_Catches_Taken, Match_id)
VALUES (18, 18, 10.0, 3, 50, 6, 10, 0, 0, 0, 0, 0, 0, 1, 1);

INSERT INTO Scorecard (Scorecard_id, Player_id, Overs_Bowled, Taken_Wickets, Given_Total_Runs, Total_Runs, Total_Balls_Faced, Given_Extras, Maiden_Overs_Given, Total_Sixes_Hit, Total_Fours_Hit, Demerit_Points, Penalized, Total_Catches_Taken, Match_id)
VALUES (19, 19, 9.0, 1, 55, 15, 20, 1, 0, 1, 2, 0, 0, 1, 1);

INSERT INTO Scorecard (Scorecard_id, Player_id, Overs_Bowled, Taken_Wickets, Given_Total_Runs, Total_Runs, Total_Balls_Faced, Given_Extras, Maiden_Overs_Given, Total_Sixes_Hit, Total_Fours_Hit, Demerit_Points, Penalized, Total_Catches_Taken, Match_id)
VALUES (20, 20, 10.0, 2, 65, 10, 15, 0, 0, 0, 1, 0, 0, 0, 1);

INSERT INTO Scorecard (Scorecard_id, Player_id, Overs_Bowled, Taken_Wickets, Given_Total_Runs, Total_Runs, Total_Balls_Faced, Given_Extras, Maiden_Overs_Given, Total_Sixes_Hit, Total_Fours_Hit, Demerit_Points, Penalized, Total_Catches_Taken, Match_id)
VALUES (21, 21, 10.0, 1, 50, 20, 30, 1, 0, 0, 2, 0, 0, 0, 1);

INSERT INTO Scorecard (Scorecard_id, Player_id, Overs_Bowled, Taken_Wickets, Given_Total_Runs, Total_Runs, Total_Balls_Faced, Given_Extras, Maiden_Overs_Given, Total_Sixes_Hit, Total_Fours_Hit, Demerit_Points, Penalized, Total_Catches_Taken, Match_id)
VALUES (22, 22, 9.0, 0, 45, 2, 5, 0, 0, 0, 0, 0, 0, 0, 1);


--2nd Match

-- Bangladesh Batsmen
INSERT INTO Scorecard (Scorecard_id, Player_id, Overs_Bowled, Taken_Wickets, Given_Total_Runs, Total_Runs, Total_Balls_Faced, Given_Extras, Maiden_Overs_Given, Total_Sixes_Hit, Total_Fours_Hit, Demerit_Points, Penalized, Total_Catches_Taken, Match_id)
VALUES
    (23, 1, 0, 0, 0, 65, 80, 0, 0, 3, 8, 0, 0, 0, 2);

INSERT INTO Scorecard (Scorecard_id, Player_id, Overs_Bowled, Taken_Wickets, Given_Total_Runs, Total_Runs, Total_Balls_Faced, Given_Extras, Maiden_Overs_Given, Total_Sixes_Hit, Total_Fours_Hit, Demerit_Points, Penalized, Total_Catches_Taken, Match_id)
VALUES
    (24, 2, 0, 0, 0, 28, 40, 0, 0, 0, 3, 0, 0, 0, 2);

INSERT INTO Scorecard (Scorecard_id, Player_id, Overs_Bowled, Taken_Wickets, Given_Total_Runs, Total_Runs, Total_Balls_Faced, Given_Extras, Maiden_Overs_Given, Total_Sixes_Hit, Total_Fours_Hit, Demerit_Points, Penalized, Total_Catches_Taken, Match_id)
VALUES
    (25, 3, 0, 0, 0, 42, 55, 0, 0, 2, 4, 0, 0, 1, 2);

INSERT INTO Scorecard (Scorecard_id, Player_id, Overs_Bowled, Taken_Wickets, Given_Total_Runs, Total_Runs, Total_Balls_Faced, Given_Extras, Maiden_Overs_Given, Total_Sixes_Hit, Total_Fours_Hit, Demerit_Points, Penalized, Total_Catches_Taken, Match_id)
VALUES
    (26, 4, 0, 0, 0, 18, 25, 0, 0, 0, 2, 0, 0, 0, 2);

INSERT INTO Scorecard (Scorecard_id, Player_id, Overs_Bowled, Taken_Wickets, Given_Total_Runs, Total_Runs, Total_Balls_Faced, Given_Extras, Maiden_Overs_Given, Total_Sixes_Hit, Total_Fours_Hit, Demerit_Points, Penalized, Total_Catches_Taken, Match_id)
VALUES
    (27, 8, 0, 0, 0, 10, 12, 0, 0, 0, 1, 0, 0, 0, 2);

INSERT INTO Scorecard (Scorecard_id, Player_id, Overs_Bowled, Taken_Wickets, Given_Total_Runs, Total_Runs, Total_Balls_Faced, Given_Extras, Maiden_Overs_Given, Total_Sixes_Hit, Total_Fours_Hit, Demerit_Points, Penalized, Total_Catches_Taken, Match_id)
VALUES
    (28, 7, 0, 0, 0, 5, 8, 0, 0, 0, 0, 0, 0, 0, 2);

INSERT INTO Scorecard (Scorecard_id, Player_id, Overs_Bowled, Taken_Wickets, Given_Total_Runs, Total_Runs, Total_Balls_Faced, Given_Extras, Maiden_Overs_Given, Total_Sixes_Hit, Total_Fours_Hit, Demerit_Points, Penalized, Total_Catches_Taken, Match_id)
VALUES
    (29, 10, 0, 0, 0, 2, 5, 0, 0, 0, 0, 0, 0, 0, 2);

-- Bangladesh Bowlers
INSERT INTO Scorecard (Scorecard_id, Player_id, Overs_Bowled, Taken_Wickets, Given_Total_Runs, Total_Runs, Total_Balls_Faced, Given_Extras, Maiden_Overs_Given, Total_Sixes_Hit, Total_Fours_Hit, Demerit_Points, Penalized, Total_Catches_Taken, Match_id)
VALUES
    (30, 5, 9.0, 3, 40, 0, 0, 0, 0, 0, 0, 0, 0, 0, 2);

INSERT INTO Scorecard (Scorecard_id, Player_id, Overs_Bowled, Taken_Wickets, Given_Total_Runs, Total_Runs, Total_Balls_Faced, Given_Extras, Maiden_Overs_Given, Total_Sixes_Hit, Total_Fours_Hit, Demerit_Points, Penalized, Total_Catches_Taken, Match_id)
VALUES
    (31, 6, 8.0, 1, 50, 0, 0, 0, 0, 0, 0, 0, 0, 0, 2);

INSERT INTO Scorecard (Scorecard_id, Player_id, Overs_Bowled, Taken_Wickets, Given_Total_Runs, Total_Runs, Total_Balls_Faced, Given_Extras, Maiden_Overs_Given, Total_Sixes_Hit, Total_Fours_Hit, Demerit_Points, Penalized, Total_Catches_Taken, Match_id)
VALUES
    (32, 11, 7.0, 0, 30, 0, 0, 3, 0, 0, 0, 0, 0, 0, 2);

INSERT INTO Scorecard (Scorecard_id, Player_id, Overs_Bowled, Taken_Wickets, Given_Total_Runs, Total_Runs, Total_Balls_Faced, Given_Extras, Maiden_Overs_Given, Total_Sixes_Hit, Total_Fours_Hit, Demerit_Points, Penalized, Total_Catches_Taken, Match_id)
VALUES
    (33, 9, 8.0, 2, 45, 0, 0, 1, 0, 0, 0, 0, 0, 0, 2);
    -- India Batsmen
INSERT INTO Scorecard (Scorecard_id, Player_id, Overs_Bowled, Taken_Wickets, Given_Total_Runs, Total_Runs, Total_Balls_Faced, Given_Extras, Maiden_Overs_Given, Total_Sixes_Hit, Total_Fours_Hit, Demerit_Points, Penalized, Total_Catches_Taken, Match_id)
VALUES
    (34, 12, 0, 0, 0, 102, 90, 0, 0, 7, 9, 0, 0, 0, 2);

INSERT INTO Scorecard (Scorecard_id, Player_id, Overs_Bowled, Taken_Wickets, Given_Total_Runs, Total_Runs, Total_Balls_Faced, Given_Extras, Maiden_Overs_Given, Total_Sixes_Hit, Total_Fours_Hit, Demerit_Points, Penalized, Total_Catches_Taken, Match_id)
VALUES
    (35, 13, 0, 0, 0, 88, 75, 0, 0, 3, 6, 0, 0, 0, 2);

-- Continue inserting data for the remaining India batsmen
INSERT INTO Scorecard (Scorecard_id, Player_id, Overs_Bowled, Taken_Wickets, Given_Total_Runs, Total_Runs, Total_Balls_Faced, Given_Extras, Maiden_Overs_Given, Total_Sixes_Hit, Total_Fours_Hit, Demerit_Points, Penalized, Total_Catches_Taken, Match_id)
VALUES
    (36, 14, 0, 0, 0, 12, 20, 0, 0, 0, 1, 0, 0, 0, 2);

INSERT INTO Scorecard (Scorecard_id, Player_id, Overs_Bowled, Taken_Wickets, Given_Total_Runs, Total_Runs, Total_Balls_Faced, Given_Extras, Maiden_Overs_Given, Total_Sixes_Hit, Total_Fours_Hit, Demerit_Points, Penalized, Total_Catches_Taken, Match_id)
VALUES
    (37, 15, 0, 0, 0, 28, 30, 0, 0, 0, 4, 0, 0, 0, 2);

INSERT INTO Scorecard (Scorecard_id, Player_id, Overs_Bowled, Taken_Wickets, Given_Total_Runs, Total_Runs, Total_Balls_Faced, Given_Extras, Maiden_Overs_Given, Total_Sixes_Hit, Total_Fours_Hit, Demerit_Points, Penalized, Total_Catches_Taken, Match_id)
VALUES
    (38, 16, 0, 0, 0, 14, 15, 0, 0, 0, 1, 0, 0, 0, 2);

INSERT INTO Scorecard (Scorecard_id, Player_id, Overs_Bowled, Taken_Wickets, Given_Total_Runs, Total_Runs, Total_Balls_Faced, Given_Extras, Maiden_Overs_Given, Total_Sixes_Hit, Total_Fours_Hit, Demerit_Points, Penalized, Total_Catches_Taken, Match_id)
VALUES
    (39, 17, 0, 0, 0, 8, 10, 0, 0, 0, 1, 0, 0, 0, 2);

INSERT INTO Scorecard (Scorecard_id, Player_id, Overs_Bowled, Taken_Wickets, Given_Total_Runs, Total_Runs, Total_Balls_Faced, Given_Extras, Maiden_Overs_Given, Total_Sixes_Hit, Total_Fours_Hit, Demerit_Points, Penalized, Total_Catches_Taken, Match_id)
VALUES
    (40, 18, 0, 0, 0, 32, 25, 0, 0, 1, 3, 0, 0, 0, 2);

-- India Bowlers
INSERT INTO Scorecard (Scorecard_id, Player_id, Overs_Bowled, Taken_Wickets, Given_Total_Runs, Total_Runs, Total_Balls_Faced, Given_Extras, Maiden_Overs_Given, Total_Sixes_Hit, Total_Fours_Hit, Demerit_Points, Penalized, Total_Catches_Taken, Match_id)
VALUES
    (41, 19, 10.0, 2, 58, 0, 0, 0, 0, 0, 0, 0, 0, 0, 2);

INSERT INTO Scorecard (Scorecard_id, Player_id, Overs_Bowled, Taken_Wickets, Given_Total_Runs, Total_Runs, Total_Balls_Faced, Given_Extras, Maiden_Overs_Given, Total_Sixes_Hit, Total_Fours_Hit, Demerit_Points, Penalized, Total_Catches_Taken, Match_id)
VALUES
    (42, 20, 9.0, 1, 47, 0, 0, 2, 0, 0, 0, 0, 0, 0, 2);
INSERT INTO Scorecard (Scorecard_id, Player_id, Overs_Bowled, Taken_Wickets, Given_Total_Runs, Total_Runs, Total_Balls_Faced, Given_Extras, Maiden_Overs_Given, Total_Sixes_Hit, Total_Fours_Hit, Demerit_Points, Penalized, Total_Catches_Taken, Match_id)
VALUES
    (43, 21, 10.0, 0, 55, 0, 0, 1, 0, 0, 0, 0, 0, 0, 2);

INSERT INTO Scorecard (Scorecard_id, Player_id, Overs_Bowled, Taken_Wickets, Given_Total_Runs, Total_Runs, Total_Balls_Faced, Given_Extras, Maiden_Overs_Given, Total_Sixes_Hit, Total_Fours_Hit, Demerit_Points, Penalized, Total_Catches_Taken, Match_id)
VALUES
    (44, 22, 7.0, 0, 42, 0, 0, 2, 0, 0, 0, 0, 0, 0, 2);


-- Bangladesh Batsmen
-- Batsmen
INSERT INTO Scorecard (Scorecard_id, Player_id, Overs_Bowled, Taken_Wickets, Given_Total_Runs, Total_Runs, Total_Balls_Faced, Given_Extras, Maiden_Overs_Given, Total_Sixes_Hit, Total_Fours_Hit, Demerit_Points, Penalized, Total_Catches_Taken, Match_id)
VALUES (45, 1, 0, 0, 0, 65, 70, 0, 0, 3, 5, 0, 0, 1, 3);

INSERT INTO Scorecard (Scorecard_id, Player_id, Overs_Bowled, Taken_Wickets, Given_Total_Runs, Total_Runs, Total_Balls_Faced, Given_Extras, Maiden_Overs_Given, Total_Sixes_Hit, Total_Fours_Hit, Demerit_Points, Penalized, Total_Catches_Taken, Match_id)
VALUES (46, 2, 0, 0, 0, 42, 55, 0, 0, 1, 4, 0, 0, 0, 3);

INSERT INTO Scorecard (Scorecard_id, Player_id, Overs_Bowled, Taken_Wickets, Given_Total_Runs, Total_Runs, Total_Balls_Faced, Given_Extras, Maiden_Overs_Given, Total_Sixes_Hit, Total_Fours_Hit, Demerit_Points, Penalized, Total_Catches_Taken, Match_id)
VALUES (47, 3, 0, 0, 0, 35, 45, 0, 0, 0, 3, 0, 0, 0, 3);

INSERT INTO Scorecard (Scorecard_id, Player_id, Overs_Bowled, Taken_Wickets, Given_Total_Runs, Total_Runs, Total_Balls_Faced, Given_Extras, Maiden_Overs_Given, Total_Sixes_Hit, Total_Fours_Hit, Demerit_Points, Penalized, Total_Catches_Taken, Match_id)
VALUES (48, 4, 0, 0, 0, 28, 40, 0, 0, 0, 2, 0, 0, 0, 3);

INSERT INTO Scorecard (Scorecard_id, Player_id, Overs_Bowled, Taken_Wickets, Given_Total_Runs, Total_Runs, Total_Balls_Faced, Given_Extras, Maiden_Overs_Given, Total_Sixes_Hit, Total_Fours_Hit, Demerit_Points, Penalized, Total_Catches_Taken, Match_id)
VALUES (49, 8, 0, 0, 0, 18, 25, 0, 0, 0, 1, 0, 0, 0, 3);

INSERT INTO Scorecard (Scorecard_id, Player_id, Overs_Bowled, Taken_Wickets, Given_Total_Runs, Total_Runs, Total_Balls_Faced, Given_Extras, Maiden_Overs_Given, Total_Sixes_Hit, Total_Fours_Hit, Demerit_Points, Penalized, Total_Catches_Taken, Match_id)
VALUES (50, 7, 0, 0, 0, 12, 20, 0, 0, 0, 1, 0, 0, 0, 3);

INSERT INTO Scorecard (Scorecard_id, Player_id, Overs_Bowled, Taken_Wickets, Given_Total_Runs, Total_Runs, Total_Balls_Faced, Given_Extras, Maiden_Overs_Given, Total_Sixes_Hit, Total_Fours_Hit, Demerit_Points, Penalized, Total_Catches_Taken, Match_id)
VALUES (51, 10, 0, 0, 0, 8, 15, 0, 0, 0, 1, 0, 0, 0, 3);

-- Bangladesh Bowlers
INSERT INTO Scorecard (Scorecard_id, Player_id, Overs_Bowled, Taken_Wickets, Given_Total_Runs, Total_Runs, Total_Balls_Faced, Given_Extras, Maiden_Overs_Given, Total_Sixes_Hit, Total_Fours_Hit, Demerit_Points, Penalized, Total_Catches_Taken, Match_id)
VALUES (52, 5, 6.0, 1, 40, 5, 10, 0, 0, 0, 0, 0, 0, 1, 3);

INSERT INTO Scorecard (Scorecard_id, Player_id, Overs_Bowled, Taken_Wickets, Given_Total_Runs, Total_Runs, Total_Balls_Faced, Given_Extras, Maiden_Overs_Given, Total_Sixes_Hit, Total_Fours_Hit, Demerit_Points, Penalized, Total_Catches_Taken, Match_id)
VALUES (53, 6, 5.0, 2, 30, 3, 5, 0, 0, 0, 0, 0, 0, 1, 3);

INSERT INTO Scorecard (Scorecard_id, Player_id, Overs_Bowled, Taken_Wickets, Given_Total_Runs, Total_Runs, Total_Balls_Faced, Given_Extras, Maiden_Overs_Given, Total_Sixes_Hit, Total_Fours_Hit, Demerit_Points, Penalized, Total_Catches_Taken, Match_id)
VALUES (54, 11, 4.0, 1, 20, 2, 5, 1, 0, 0, 0, 0, 0, 1, 3);

INSERT INTO Scorecard (Scorecard_id, Player_id, Overs_Bowled, Taken_Wickets, Given_Total_Runs, Total_Runs, Total_Balls_Faced, Given_Extras, Maiden_Overs_Given, Total_Sixes_Hit, Total_Fours_Hit, Demerit_Points, Penalized, Total_Catches_Taken, Match_id)
VALUES (55, 9, 6.0, 2, 35, 3, 6, 1, 0, 0, 0, 0, 0, 1, 3);
-- India Batsmen
-- Batsmen
INSERT INTO Scorecard (Scorecard_id, Player_id, Overs_Bowled, Taken_Wickets, Given_Total_Runs, Total_Runs, Total_Balls_Faced, Given_Extras, Maiden_Overs_Given, Total_Sixes_Hit, Total_Fours_Hit, Demerit_Points, Penalized, Total_Catches_Taken, Match_id)
VALUES (56, 12, 0, 0, 0, 85, 90, 0, 0, 4, 6, 0, 0, 1, 3);

INSERT INTO Scorecard (Scorecard_id, Player_id, Overs_Bowled, Taken_Wickets, Given_Total_Runs, Total_Runs, Total_Balls_Faced, Given_Extras, Maiden_Overs_Given, Total_Sixes_Hit, Total_Fours_Hit, Demerit_Points, Penalized, Total_Catches_Taken, Match_id)
VALUES (57, 13, 0, 0, 0, 62, 70, 0, 0, 3, 5, 0, 0, 0, 3);

INSERT INTO Scorecard (Scorecard_id, Player_id, Overs_Bowled, Taken_Wickets, Given_Total_Runs, Total_Runs, Total_Balls_Faced, Given_Extras, Maiden_Overs_Given, Total_Sixes_Hit, Total_Fours_Hit, Demerit_Points, Penalized, Total_Catches_Taken, Match_id)
VALUES (58, 14, 0, 0, 0, 45, 50, 0, 0, 1, 4, 0, 0, 0, 3);

INSERT INTO Scorecard (Scorecard_id, Player_id, Overs_Bowled, Taken_Wickets, Given_Total_Runs, Total_Runs, Total_Balls_Faced, Given_Extras, Maiden_Overs_Given, Total_Sixes_Hit, Total_Fours_Hit, Demerit_Points, Penalized, Total_Catches_Taken, Match_id)
VALUES (59, 15, 0, 0, 0, 35, 40, 0, 0, 0, 3, 0, 0, 0, 3);

INSERT INTO Scorecard (Scorecard_id, Player_id, Overs_Bowled, Taken_Wickets, Given_Total_Runs, Total_Runs, Total_Balls_Faced, Given_Extras, Maiden_Overs_Given, Total_Sixes_Hit, Total_Fours_Hit, Demerit_Points, Penalized, Total_Catches_Taken, Match_id)
VALUES (60, 16, 0, 0, 0, 22, 25, 0, 0, 0, 2, 0, 0, 0, 3);

INSERT INTO Scorecard (Scorecard_id, Player_id, Overs_Bowled, Taken_Wickets, Given_Total_Runs, Total_Runs, Total_Balls_Faced, Given_Extras, Maiden_Overs_Given, Total_Sixes_Hit, Total_Fours_Hit, Demerit_Points, Penalized, Total_Catches_Taken, Match_id)
VALUES (61, 17, 0, 0, 0, 15, 18, 0, 0, 0, 1, 0, 0, 0, 3);

INSERT INTO Scorecard (Scorecard_id, Player_id, Overs_Bowled, Taken_Wickets, Given_Total_Runs, Total_Runs, Total_Balls_Faced, Given_Extras, Maiden_Overs_Given, Total_Sixes_Hit, Total_Fours_Hit, Demerit_Points, Penalized, Total_Catches_Taken, Match_id)
VALUES (62, 18, 0, 0, 0, 10, 12, 0, 0, 0, 1, 0, 0, 0, 3);

-- India Bowlers
INSERT INTO Scorecard (Scorecard_id, Player_id, Overs_Bowled, Taken_Wickets, Given_Total_Runs, Total_Runs, Total_Balls_Faced, Given_Extras, Maiden_Overs_Given, Total_Sixes_Hit, Total_Fours_Hit, Demerit_Points, Penalized, Total_Catches_Taken, Match_id)
VALUES (63, 19, 7.0, 2, 45, 3, 6, 0, 0, 0, 0, 0, 0, 1, 3);

INSERT INTO Scorecard (Scorecard_id, Player_id, Overs_Bowled, Taken_Wickets, Given_Total_Runs, Total_Runs, Total_Balls_Faced, Given_Extras, Maiden_Overs_Given, Total_Sixes_Hit, Total_Fours_Hit, Demerit_Points, Penalized, Total_Catches_Taken, Match_id)
VALUES (64, 20, 6.0, 1, 50, 1, 3, 2, 0, 0, 0, 0, 0, 1, 3);

INSERT INTO Scorecard (Scorecard_id, Player_id, Overs_Bowled, Taken_Wickets, Given_Total_Runs, Total_Runs, Total_Balls_Faced, Given_Extras, Maiden_Overs_Given, Total_Sixes_Hit, Total_Fours_Hit, Demerit_Points, Penalized, Total_Catches_Taken, Match_id)
VALUES (65, 21, 6.0, 2, 40, 5, 8, 0, 0, 0, 0, 0, 0, 1, 3);

INSERT INTO Scorecard (Scorecard_id, Player_id, Overs_Bowled, Taken_Wickets, Given_Total_Runs, Total_Runs, Total_Balls_Faced, Given_Extras, Maiden_Overs_Given, Total_Sixes_Hit, Total_Fours_Hit, Demerit_Points, Penalized, Total_Catches_Taken, Match_id)
VALUES (66, 22, 5.0, 0, 30, 0, 1, 2, 0, 0, 0, 0, 0, 0, 3);
-- Pakistan Batsmen
INSERT INTO Scorecard (Scorecard_id, Player_id, Overs_Bowled, Taken_Wickets, Given_Total_Runs, Total_Runs, Total_Balls_Faced, Given_Extras, Maiden_Overs_Given, Total_Sixes_Hit, Total_Fours_Hit, Demerit_Points, Penalized, Total_Catches_Taken, Match_id)
VALUES (67, 23, 0, 0, 0, 35, 40, 0, 0, 0, 4, 0, 0, 0, 4);

INSERT INTO Scorecard (Scorecard_id, Player_id, Overs_Bowled, Taken_Wickets, Given_Total_Runs, Total_Runs, Total_Balls_Faced, Given_Extras, Maiden_Overs_Given, Total_Sixes_Hit, Total_Fours_Hit, Demerit_Points, Penalized, Total_Catches_Taken, Match_id)
VALUES (68, 24, 0, 0, 0, 18, 25, 0, 0, 0, 2, 0, 0, 0, 4);

INSERT INTO Scorecard (Scorecard_id, Player_id, Overs_Bowled, Taken_Wickets, Given_Total_Runs, Total_Runs, Total_Balls_Faced, Given_Extras, Maiden_Overs_Given, Total_Sixes_Hit, Total_Fours_Hit, Demerit_Points, Penalized, Total_Catches_Taken, Match_id)
VALUES (69, 25, 0, 0, 0, 28, 35, 0, 0, 1, 2, 0, 0, 0, 4);

INSERT INTO Scorecard (Scorecard_id, Player_id, Overs_Bowled, Taken_Wickets, Given_Total_Runs, Total_Runs, Total_Balls_Faced, Given_Extras, Maiden_Overs_Given, Total_Sixes_Hit, Total_Fours_Hit, Demerit_Points, Penalized, Total_Catches_Taken, Match_id)
VALUES (70, 26, 0, 0, 0, 24, 30, 0, 0, 0, 2, 0, 0, 1, 4);

INSERT INTO Scorecard (Scorecard_id, Player_id, Overs_Bowled, Taken_Wickets, Given_Total_Runs, Total_Runs, Total_Balls_Faced, Given_Extras, Maiden_Overs_Given, Total_Sixes_Hit, Total_Fours_Hit, Demerit_Points, Penalized, Total_Catches_Taken, Match_id)
VALUES (71, 27, 0, 0, 0, 12, 15, 0, 0, 0, 1, 0, 0, 0, 4);

INSERT INTO Scorecard (Scorecard_id, Player_id, Overs_Bowled, Taken_Wickets, Given_Total_Runs, Total_Runs, Total_Balls_Faced, Given_Extras, Maiden_Overs_Given, Total_Sixes_Hit, Total_Fours_Hit, Demerit_Points, Penalized, Total_Catches_Taken, Match_id)
VALUES (72, 28, 0, 0, 0, 8, 10, 0, 0, 0, 1, 0, 0, 1, 4);

-- Pakistan Bowlers
INSERT INTO Scorecard (Scorecard_id, Player_id, Overs_Bowled, Taken_Wickets, Given_Total_Runs, Total_Runs, Total_Balls_Faced, Given_Extras, Maiden_Overs_Given, Total_Sixes_Hit, Total_Fours_Hit, Demerit_Points, Penalized, Total_Catches_Taken, Match_id)
VALUES (73, 29, 4.0, 1, 25, 2, 3, 0, 1, 0, 0, 0, 0, 0, 4);

INSERT INTO Scorecard (Scorecard_id, Player_id, Overs_Bowled, Taken_Wickets, Given_Total_Runs, Total_Runs, Total_Balls_Faced, Given_Extras, Maiden_Overs_Given, Total_Sixes_Hit, Total_Fours_Hit, Demerit_Points, Penalized, Total_Catches_Taken, Match_id)
VALUES (74, 30, 5.0, 2, 28, 1, 2, 1, 0, 0, 0, 0, 0, 0, 4);

INSERT INTO Scorecard (Scorecard_id, Player_id, Overs_Bowled, Taken_Wickets, Given_Total_Runs, Total_Runs, Total_Balls_Faced, Given_Extras, Maiden_Overs_Given, Total_Sixes_Hit, Total_Fours_Hit, Demerit_Points, Penalized, Total_Catches_Taken, Match_id)
VALUES (75, 31, 4.0, 0, 18, 0, 0, 3, 0, 0, 0, 0, 0, 1, 4);

INSERT INTO Scorecard (Scorecard_id, Player_id, Overs_Bowled, Taken_Wickets, Given_Total_Runs, Total_Runs, Total_Balls_Faced, Given_Extras, Maiden_Overs_Given, Total_Sixes_Hit, Total_Fours_Hit, Demerit_Points, Penalized, Total_Catches_Taken, Match_id)
VALUES (76, 32, 5.0, 2, 30, 3, 4, 0, 1, 0, 0, 0, 0, 0, 4);

-- Continue for the remaining bowlers
-- Pakistan Batsmen
INSERT INTO Scorecard (Scorecard_id, Player_id, Overs_Bowled, Taken_Wickets, Given_Total_Runs, Total_Runs, Total_Balls_Faced, Given_Extras, Maiden_Overs_Given, Total_Sixes_Hit, Total_Fours_Hit, Demerit_Points, Penalized, Total_Catches_Taken, Match_id)
VALUES (77, 33, 0, 0, 0, 10, 12, 0, 0, 0, 1, 0, 0, 0, 4);

-- Continue with the rest of the players
-- South Africa Batsmen
INSERT INTO Scorecard (Scorecard_id, Player_id, Overs_Bowled, Taken_Wickets, Given_Total_Runs, Total_Runs, Total_Balls_Faced, Given_Extras, Maiden_Overs_Given, Total_Sixes_Hit, Total_Fours_Hit, Demerit_Points, Penalized, Total_Catches_Taken, Match_id)
VALUES (78, 67, 0, 0, 0, 42, 45, 0, 0, 2, 5, 0, 0, 0, 4);

INSERT INTO Scorecard (Scorecard_id, Player_id, Overs_Bowled, Taken_Wickets, Given_Total_Runs, Total_Runs, Total_Balls_Faced, Given_Extras, Maiden_Overs_Given, Total_Sixes_Hit, Total_Fours_Hit, Demerit_Points, Penalized, Total_Catches_Taken, Match_id)
VALUES (79, 68, 0, 0, 0, 25, 28, 0, 0, 1, 3, 0, 0, 0, 4);

INSERT INTO Scorecard (Scorecard_id, Player_id, Overs_Bowled, Taken_Wickets, Given_Total_Runs, Total_Runs, Total_Balls_Faced, Given_Extras, Maiden_Overs_Given, Total_Sixes_Hit, Total_Fours_Hit, Demerit_Points, Penalized, Total_Catches_Taken, Match_id)
VALUES (80, 69, 0, 0, 0, 32, 35, 0, 0, 0, 3, 0, 0, 0, 4);

INSERT INTO Scorecard (Scorecard_id, Player_id, Overs_Bowled, Taken_Wickets, Given_Total_Runs, Total_Runs, Total_Balls_Faced, Given_Extras, Maiden_Overs_Given, Total_Sixes_Hit, Total_Fours_Hit, Demerit_Points, Penalized, Total_Catches_Taken, Match_id)
VALUES (81, 70, 0, 0, 0, 18, 20, 0, 0, 0, 2, 0, 0, 0, 4);

INSERT INTO Scorecard (Scorecard_id, Player_id, Overs_Bowled, Taken_Wickets, Given_Total_Runs, Total_Runs, Total_Balls_Faced, Given_Extras, Maiden_Overs_Given, Total_Sixes_Hit, Total_Fours_Hit, Demerit_Points, Penalized, Total_Catches_Taken, Match_id)
VALUES (82, 71, 0, 0, 0, 10, 12, 0, 0, 0, 1, 0, 0, 0, 4);

INSERT INTO Scorecard (Scorecard_id, Player_id, Overs_Bowled, Taken_Wickets, Given_Total_Runs, Total_Runs, Total_Balls_Faced, Given_Extras, Maiden_Overs_Given, Total_Sixes_Hit, Total_Fours_Hit, Demerit_Points, Penalized, Total_Catches_Taken, Match_id)
VALUES (83, 72, 0, 0, 0, 8, 10, 0, 0, 0, 1, 0, 0, 0, 4);

-- South Africa Bowlers
INSERT INTO Scorecard (Scorecard_id, Player_id, Overs_Bowled, Taken_Wickets, Given_Total_Runs, Total_Runs, Total_Balls_Faced, Given_Extras, Maiden_Overs_Given, Total_Sixes_Hit, Total_Fours_Hit, Demerit_Points, Penalized, Total_Catches_Taken, Match_id)
VALUES (84, 73, 4.0, 2, 27, 3, 4, 0, 1, 0, 0, 0, 0, 1, 4);

INSERT INTO Scorecard (Scorecard_id, Player_id, Overs_Bowled, Taken_Wickets, Given_Total_Runs, Total_Runs, Total_Balls_Faced, Given_Extras, Maiden_Overs_Given, Total_Sixes_Hit, Total_Fours_Hit, Demerit_Points, Penalized, Total_Catches_Taken, Match_id)
VALUES (85, 74, 5.0, 1, 32, 1, 2, 1, 0, 0, 0, 0, 0, 0, 4);

INSERT INTO Scorecard (Scorecard_id, Player_id, Overs_Bowled, Taken_Wickets, Given_Total_Runs, Total_Runs, Total_Balls_Faced, Given_Extras, Maiden_Overs_Given, Total_Sixes_Hit, Total_Fours_Hit, Demerit_Points, Penalized, Total_Catches_Taken, Match_id)
VALUES (86, 75, 4.0, 0, 18, 0, 0, 3, 0, 0, 0, 0, 0, 1, 4);

INSERT INTO Scorecard (Scorecard_id, Player_id, Overs_Bowled, Taken_Wickets, Given_Total_Runs, Total_Runs, Total_Balls_Faced, Given_Extras, Maiden_Overs_Given, Total_Sixes_Hit, Total_Fours_Hit, Demerit_Points, Penalized, Total_Catches_Taken, Match_id)
VALUES (87, 76, 5.0, 1, 30, 2, 3, 0, 1, 0, 0, 0, 0, 0, 4);

-- Continue with the rest of the players
-- South Africa Batsman
INSERT INTO Scorecard (Scorecard_id, Player_id, Overs_Bowled, Taken_Wickets, Given_Total_Runs, Total_Runs, Total_Balls_Faced, Given_Extras, Maiden_Overs_Given, Total_Sixes_Hit, Total_Fours_Hit, Demerit_Points, Penalized, Total_Catches_Taken, Match_id)
VALUES (88, 77, 0, 0, 0, 14, 18, 0, 0, 0, 1, 0, 0, 0, 4);

-- Continue with the rest of the players
-- Pakistan Batsmen
INSERT INTO Scorecard (Scorecard_id, Player_id, Overs_Bowled, Taken_Wickets, Given_Total_Runs, Total_Runs, Total_Balls_Faced, Given_Extras, Maiden_Overs_Given, Total_Sixes_Hit, Total_Fours_Hit, Demerit_Points, Penalized, Total_Catches_Taken, Match_id)
VALUES (89, 23, 0, 0, 0, 42, 50, 0, 0, 1, 5, 0, 0, 0, 5);

INSERT INTO Scorecard (Scorecard_id, Player_id, Overs_Bowled, Taken_Wickets, Given_Total_Runs, Total_Runs, Total_Balls_Faced, Given_Extras, Maiden_Overs_Given, Total_Sixes_Hit, Total_Fours_Hit, Demerit_Points, Penalized, Total_Catches_Taken, Match_id)
VALUES (90, 24, 0, 0, 0, 28, 35, 0, 0, 0, 3, 0, 0, 0, 5);

INSERT INTO Scorecard (Scorecard_id, Player_id, Overs_Bowled, Taken_Wickets, Given_Total_Runs, Total_Runs, Total_Balls_Faced, Given_Extras, Maiden_Overs_Given, Total_Sixes_Hit, Total_Fours_Hit, Demerit_Points, Penalized, Total_Catches_Taken, Match_id)
VALUES (91, 25, 0, 0, 0, 18, 25, 0, 0, 0, 2, 0, 0, 0, 5);

INSERT INTO Scorecard (Scorecard_id, Player_id, Overs_Bowled, Taken_Wickets, Given_Total_Runs, Total_Runs, Total_Balls_Faced, Given_Extras, Maiden_Overs_Given, Total_Sixes_Hit, Total_Fours_Hit, Demerit_Points, Penalized, Total_Catches_Taken, Match_id)
VALUES (92, 26, 0, 0, 0, 32, 40, 0, 0, 0, 3, 0, 0, 0, 5);

INSERT INTO Scorecard (Scorecard_id, Player_id, Overs_Bowled, Taken_Wickets, Given_Total_Runs, Total_Runs, Total_Balls_Faced, Given_Extras, Maiden_Overs_Given, Total_Sixes_Hit, Total_Fours_Hit, Demerit_Points, Penalized, Total_Catches_Taken, Match_id)
VALUES (93, 27, 0, 0, 0, 14, 20, 0, 0, 0, 1, 0, 0, 0, 5);

INSERT INTO Scorecard (Scorecard_id, Player_id, Overs_Bowled, Taken_Wickets, Given_Total_Runs, Total_Runs, Total_Balls_Faced, Given_Extras, Maiden_Overs_Given, Total_Sixes_Hit, Total_Fours_Hit, Demerit_Points, Penalized, Total_Catches_Taken, Match_id)
VALUES (94, 28, 0, 0, 0, 7, 10, 0, 0, 0, 1, 0, 0, 0, 5);

-- Pakistan Bowlers
INSERT INTO Scorecard (Scorecard_id, Player_id, Overs_Bowled, Taken_Wickets, Given_Total_Runs, Total_Runs, Total_Balls_Faced, Given_Extras, Maiden_Overs_Given, Total_Sixes_Hit, Total_Fours_Hit, Demerit_Points, Penalized, Total_Catches_Taken, Match_id)
VALUES (95, 29, 4.0, 1, 28, 2, 3, 0, 1, 0, 0, 0, 0, 0, 5);

INSERT INTO Scorecard (Scorecard_id, Player_id, Overs_Bowled, Taken_Wickets, Given_Total_Runs, Total_Runs, Total_Balls_Faced, Given_Extras, Maiden_Overs_Given, Total_Sixes_Hit, Total_Fours_Hit, Demerit_Points, Penalized, Total_Catches_Taken, Match_id)
VALUES (96, 30, 5.0, 2, 35, 1, 2, 1, 0, 0, 0, 0, 0, 0, 5);
-- Pakistan Batsmen
INSERT INTO Scorecard (Scorecard_id, Player_id, Overs_Bowled, Taken_Wickets, Given_Total_Runs, Total_Runs, Total_Balls_Faced, Given_Extras, Maiden_Overs_Given, Total_Sixes_Hit, Total_Fours_Hit, Demerit_Points, Penalized, Total_Catches_Taken, Match_id)
VALUES (97, 31, 0, 0, 0, 18, 20, 0, 0, 0, 2, 0, 0, 0, 5);

-- Pakistan Bowlers
INSERT INTO Scorecard (Scorecard_id, Player_id, Overs_Bowled, Taken_Wickets, Given_Total_Runs, Total_Runs, Total_Balls_Faced, Given_Extras, Maiden_Overs_Given, Total_Sixes_Hit, Total_Fours_Hit, Demerit_Points, Penalized, Total_Catches_Taken, Match_id)
VALUES (98, 32, 4.0, 0, 30, 2, 3, 0, 0, 0, 0, 0, 0, 1, 5);

INSERT INTO Scorecard (Scorecard_id, Player_id, Overs_Bowled, Taken_Wickets, Given_Total_Runs, Total_Runs, Total_Balls_Faced, Given_Extras, Maiden_Overs_Given, Total_Sixes_Hit, Total_Fours_Hit, Demerit_Points, Penalized, Total_Catches_Taken, Match_id)
VALUES (99, 33, 5.0, 2, 22, 1, 2, 0, 1, 0, 0, 0, 0, 0, 5);
-- South Africa Batsmen
INSERT INTO Scorecard (Scorecard_id, Player_id, Overs_Bowled, Taken_Wickets, Given_Total_Runs, Total_Runs, Total_Balls_Faced, Given_Extras, Maiden_Overs_Given, Total_Sixes_Hit, Total_Fours_Hit, Demerit_Points, Penalized, Total_Catches_Taken, Match_id)
VALUES (100, 67, 0, 0, 0, 24, 35, 0, 0, 0, 4, 0, 0, 0, 5);

INSERT INTO Scorecard (Scorecard_id, Player_id, Overs_Bowled, Taken_Wickets, Given_Total_Runs, Total_Runs, Total_Balls_Faced, Given_Extras, Maiden_Overs_Given, Total_Sixes_Hit, Total_Fours_Hit, Demerit_Points, Penalized, Total_Catches_Taken, Match_id)
VALUES (101, 68, 0, 0, 0, 32, 40, 0, 0, 1, 3, 0, 0, 0, 5);

INSERT INTO Scorecard (Scorecard_id, Player_id, Overs_Bowled, Taken_Wickets, Given_Total_Runs, Total_Runs, Total_Balls_Faced, Given_Extras, Maiden_Overs_Given, Total_Sixes_Hit, Total_Fours_Hit, Demerit_Points, Penalized, Total_Catches_Taken, Match_id)
VALUES (102, 69, 0, 0, 0, 18, 25, 0, 0, 0, 2, 0, 0, 0, 5);

INSERT INTO Scorecard (Scorecard_id, Player_id, Overs_Bowled, Taken_Wickets, Given_Total_Runs, Total_Runs, Total_Balls_Faced, Given_Extras, Maiden_Overs_Given, Total_Sixes_Hit, Total_Fours_Hit, Demerit_Points, Penalized, Total_Catches_Taken, Match_id)
VALUES (103, 70, 0, 0, 0, 28, 35, 0, 0, 1, 3, 0, 0, 0, 5);

INSERT INTO Scorecard (Scorecard_id, Player_id, Overs_Bowled, Taken_Wickets, Given_Total_Runs, Total_Runs, Total_Balls_Faced, Given_Extras, Maiden_Overs_Given, Total_Sixes_Hit, Total_Fours_Hit, Demerit_Points, Penalized, Total_Catches_Taken, Match_id)
VALUES (104, 71, 0, 0, 0, 12, 15, 0, 0, 0, 1, 0, 0, 0, 5);

-- South Africa Bowlers
INSERT INTO Scorecard (Scorecard_id, Player_id, Overs_Bowled, Taken_Wickets, Given_Total_Runs, Total_Runs, Total_Balls_Faced, Given_Extras, Maiden_Overs_Given, Total_Sixes_Hit, Total_Fours_Hit, Demerit_Points, Penalized, Total_Catches_Taken, Match_id)
VALUES (105, 72, 4.0, 1, 30, 3, 4, 0, 0, 0, 0, 0, 0, 0, 5);

INSERT INTO Scorecard (Scorecard_id, Player_id, Overs_Bowled, Taken_Wickets, Given_Total_Runs, Total_Runs, Total_Balls_Faced, Given_Extras, Maiden_Overs_Given, Total_Sixes_Hit, Total_Fours_Hit, Demerit_Points, Penalized, Total_Catches_Taken, Match_id)
VALUES (106, 73, 5.0, 2, 28, 1, 2, 1, 0, 0, 0, 0, 0, 0, 5);

INSERT INTO Scorecard (Scorecard_id, Player_id, Overs_Bowled, Taken_Wickets, Given_Total_Runs, Total_Runs, Total_Balls_Faced, Given_Extras, Maiden_Overs_Given, Total_Sixes_Hit, Total_Fours_Hit, Demerit_Points, Penalized, Total_Catches_Taken, Match_id)
VALUES (107, 74, 4.0, 0, 20, 0, 0, 4, 0, 0, 0, 0, 0, 1, 5);

INSERT INTO Scorecard (Scorecard_id, Player_id, Overs_Bowled, Taken_Wickets, Given_Total_Runs, Total_Runs, Total_Balls_Faced, Given_Extras, Maiden_Overs_Given, Total_Sixes_Hit, Total_Fours_Hit, Demerit_Points, Penalized, Total_Catches_Taken, Match_id)
VALUES (108, 75, 5.0, 2, 22, 1, 2, 0, 1, 0, 0, 0, 0, 0, 5);

INSERT INTO Scorecard (Scorecard_id, Player_id, Overs_Bowled, Taken_Wickets, Given_Total_Runs, Total_Runs, Total_Balls_Faced, Given_Extras, Maiden_Overs_Given, Total_Sixes_Hit, Total_Fours_Hit, Demerit_Points, Penalized, Total_Catches_Taken, Match_id)
VALUES (109, 76, 4.0, 0, 28, 2, 3, 0, 0, 0, 0, 0, 0, 1, 5);

-- South Africa Batsmen
INSERT INTO Scorecard (Scorecard_id, Player_id, Overs_Bowled, Taken_Wickets, Given_Total_Runs, Total_Runs, Total_Balls_Faced, Given_Extras, Maiden_Overs_Given, Total_Sixes_Hit, Total_Fours_Hit, Demerit_Points, Penalized, Total_Catches_Taken, Match_id)
VALUES (110, 77, 0, 0, 0, 35, 50, 0, 0, 1, 4, 0, 0, 0, 5);
-- Pakistan Batsmen
INSERT INTO Scorecard (Scorecard_id, Player_id, Overs_Bowled, Taken_Wickets, Given_Total_Runs, Total_Runs, Total_Balls_Faced, Given_Extras, Maiden_Overs_Given, Total_Sixes_Hit, Total_Fours_Hit, Demerit_Points, Penalized, Total_Catches_Taken, Match_id)
VALUES (111, 23, 0, 0, 0, 28, 35, 0, 0, 0, 3, 0, 0, 0, 6);

INSERT INTO Scorecard (Scorecard_id, Player_id, Overs_Bowled, Taken_Wickets, Given_Total_Runs, Total_Runs, Total_Balls_Faced, Given_Extras, Maiden_Overs_Given, Total_Sixes_Hit, Total_Fours_Hit, Demerit_Points, Penalized, Total_Catches_Taken, Match_id)
VALUES (112, 24, 0, 0, 0, 22, 30, 0, 0, 0, 2, 0, 0, 0, 6);

INSERT INTO Scorecard (Scorecard_id, Player_id, Overs_Bowled, Taken_Wickets, Given_Total_Runs, Total_Runs, Total_Balls_Faced, Given_Extras, Maiden_Overs_Given, Total_Sixes_Hit, Total_Fours_Hit, Demerit_Points, Penalized, Total_Catches_Taken, Match_id)
VALUES (113, 25, 0, 0, 0, 18, 25, 0, 0, 0, 2, 0, 0, 0, 6);

INSERT INTO Scorecard (Scorecard_id, Player_id, Overs_Bowled, Taken_Wickets, Given_Total_Runs, Total_Runs, Total_Balls_Faced, Given_Extras, Maiden_Overs_Given, Total_Sixes_Hit, Total_Fours_Hit, Demerit_Points, Penalized, Total_Catches_Taken, Match_id)
VALUES (114, 26, 0, 0, 0, 32, 40, 0, 0, 1, 3, 0, 0, 0, 6);

INSERT INTO Scorecard (Scorecard_id, Player_id, Overs_Bowled, Taken_Wickets, Given_Total_Runs, Total_Runs, Total_Balls_Faced, Given_Extras, Maiden_Overs_Given, Total_Sixes_Hit, Total_Fours_Hit, Demerit_Points, Penalized, Total_Catches_Taken, Match_id)
VALUES (115, 27, 0, 0, 0, 16, 20, 0, 0, 0, 1, 0, 0, 0, 6);

-- Pakistan Bowlers
INSERT INTO Scorecard (Scorecard_id, Player_id, Overs_Bowled, Taken_Wickets, Given_Total_Runs, Total_Runs, Total_Balls_Faced, Given_Extras, Maiden_Overs_Given, Total_Sixes_Hit, Total_Fours_Hit, Demerit_Points, Penalized, Total_Catches_Taken, Match_id)
VALUES (116, 28, 4.0, 1, 28, 1, 2, 0, 0, 0, 0, 0, 0, 0, 6);

INSERT INTO Scorecard (Scorecard_id, Player_id, Overs_Bowled, Taken_Wickets, Given_Total_Runs, Total_Runs, Total_Balls_Faced, Given_Extras, Maiden_Overs_Given, Total_Sixes_Hit, Total_Fours_Hit, Demerit_Points, Penalized, Total_Catches_Taken, Match_id)
VALUES (117, 29, 5.0, 2, 32, 2, 3, 0, 1, 0, 0, 0, 0, 0, 6);

INSERT INTO Scorecard (Scorecard_id, Player_id, Overs_Bowled, Taken_Wickets, Given_Total_Runs, Total_Runs, Total_Balls_Faced, Given_Extras, Maiden_Overs_Given, Total_Sixes_Hit, Total_Fours_Hit, Demerit_Points, Penalized, Total_Catches_Taken, Match_id)
VALUES (118, 30, 4.0, 0, 20, 0, 0, 2, 0, 0, 0, 0, 0, 1, 6);

-- Pakistan Batsmen
INSERT INTO Scorecard (Scorecard_id, Player_id, Overs_Bowled, Taken_Wickets, Given_Total_Runs, Total_Runs, Total_Balls_Faced, Given_Extras, Maiden_Overs_Given, Total_Sixes_Hit, Total_Fours_Hit, Demerit_Points, Penalized, Total_Catches_Taken, Match_id)
VALUES (119, 31, 0, 0, 0, 28, 35, 0, 0, 0, 2, 0, 0, 0, 6);

INSERT INTO Scorecard (Scorecard_id, Player_id, Overs_Bowled, Taken_Wickets, Given_Total_Runs, Total_Runs, Total_Balls_Faced, Given_Extras, Maiden_Overs_Given, Total_Sixes_Hit, Total_Fours_Hit, Demerit_Points, Penalized, Total_Catches_Taken, Match_id)
VALUES (120, 32, 0, 0, 0, 16, 25, 0, 0, 0, 1, 0, 0, 0, 6);

INSERT INTO Scorecard (Scorecard_id, Player_id, Overs_Bowled, Taken_Wickets, Given_Total_Runs, Total_Runs, Total_Balls_Faced, Given_Extras, Maiden_Overs_Given, Total_Sixes_Hit, Total_Fours_Hit, Demerit_Points, Penalized, Total_Catches_Taken, Match_id)
VALUES (121, 33, 0, 0, 0, 10, 15, 0, 0, 0, 1, 0, 0, 0, 6);
-- South Africa Batsmen
INSERT INTO Scorecard (Scorecard_id, Player_id, Overs_Bowled, Taken_Wickets, Given_Total_Runs, Total_Runs, Total_Balls_Faced, Given_Extras, Maiden_Overs_Given, Total_Sixes_Hit, Total_Fours_Hit, Demerit_Points, Penalized, Total_Catches_Taken, Match_id)
VALUES (122, 67, 0, 0, 0, 45, 55, 0, 0, 1, 6, 0, 0, 0, 6);

INSERT INTO Scorecard (Scorecard_id, Player_id, Overs_Bowled, Taken_Wickets, Given_Total_Runs, Total_Runs, Total_Balls_Faced, Given_Extras, Maiden_Overs_Given, Total_Sixes_Hit, Total_Fours_Hit, Demerit_Points, Penalized, Total_Catches_Taken, Match_id)
VALUES (123, 68, 0, 0, 0, 32, 45, 0, 0, 0, 4, 0, 0, 0, 6);

INSERT INTO Scorecard (Scorecard_id, Player_id, Overs_Bowled, Taken_Wickets, Given_Total_Runs, Total_Runs, Total_Balls_Faced, Given_Extras, Maiden_Overs_Given, Total_Sixes_Hit, Total_Fours_Hit, Demerit_Points, Penalized, Total_Catches_Taken, Match_id)
VALUES (124, 69, 0, 0, 0, 28, 30, 0, 0, 0, 3, 0, 0, 0, 6);

INSERT INTO Scorecard (Scorecard_id, Player_id, Overs_Bowled, Taken_Wickets, Given_Total_Runs, Total_Runs, Total_Balls_Faced, Given_Extras, Maiden_Overs_Given, Total_Sixes_Hit, Total_Fours_Hit, Demerit_Points, Penalized, Total_Catches_Taken, Match_id)
VALUES (125, 70, 0, 0, 0, 18, 20, 0, 0, 0, 2, 0, 0, 0, 6);

INSERT INTO Scorecard (Scorecard_id, Player_id, Overs_Bowled, Taken_Wickets, Given_Total_Runs, Total_Runs, Total_Balls_Faced, Given_Extras, Maiden_Overs_Given, Total_Sixes_Hit, Total_Fours_Hit, Demerit_Points, Penalized, Total_Catches_Taken, Match_id)
VALUES (126, 71, 0, 0, 0, 24, 25, 0, 0, 0, 3, 0, 0, 0, 6);

-- South Africa Bowlers
INSERT INTO Scorecard (Scorecard_id, Player_id, Overs_Bowled, Taken_Wickets, Given_Total_Runs, Total_Runs, Total_Balls_Faced, Given_Extras, Maiden_Overs_Given, Total_Sixes_Hit, Total_Fours_Hit, Demerit_Points, Penalized, Total_Catches_Taken, Match_id)
VALUES (127, 72, 4.0, 1, 28, 1, 2, 0, 0, 0, 0, 0, 0, 0, 6);

INSERT INTO Scorecard (Scorecard_id, Player_id, Overs_Bowled, Taken_Wickets, Given_Total_Runs, Total_Runs, Total_Balls_Faced, Given_Extras, Maiden_Overs_Given, Total_Sixes_Hit, Total_Fours_Hit, Demerit_Points, Penalized, Total_Catches_Taken, Match_id)
VALUES (128, 73, 5.0, 2, 35, 2, 3, 0, 1, 0, 0, 0, 0, 0, 6);

INSERT INTO Scorecard (Scorecard_id, Player_id, Overs_Bowled, Taken_Wickets, Given_Total_Runs, Total_Runs, Total_Balls_Faced, Given_Extras, Maiden_Overs_Given, Total_Sixes_Hit, Total_Fours_Hit, Demerit_Points, Penalized, Total_Catches_Taken, Match_id)
VALUES (129, 74, 4.0, 0, 20, 0, 0, 2, 0, 0, 0, 0, 0, 1, 6);

INSERT INTO Scorecard (Scorecard_id, Player_id, Overs_Bowled, Taken_Wickets, Given_Total_Runs, Total_Runs, Total_Balls_Faced, Given_Extras, Maiden_Overs_Given, Total_Sixes_Hit, Total_Fours_Hit, Demerit_Points, Penalized, Total_Catches_Taken, Match_id)
VALUES (130, 75, 0, 0, 0, 28, 35, 0, 0, 0, 2, 0, 0, 0, 6);

INSERT INTO Scorecard (Scorecard_id, Player_id, Overs_Bowled, Taken_Wickets, Given_Total_Runs, Total_Runs, Total_Balls_Faced, Given_Extras, Maiden_Overs_Given, Total_Sixes_Hit, Total_Fours_Hit, Demerit_Points, Penalized, Total_Catches_Taken, Match_id)
VALUES (131, 76, 0, 0, 0, 16, 20, 0, 0, 0, 1, 0, 0, 0, 6);
-- South Africa Batsman
INSERT INTO Scorecard (Scorecard_id, Player_id, Overs_Bowled, Taken_Wickets, Given_Total_Runs, Total_Runs, Total_Balls_Faced, Given_Extras, Maiden_Overs_Given, Total_Sixes_Hit, Total_Fours_Hit, Demerit_Points, Penalized, Total_Catches_Taken, Match_id)
VALUES (132, 77, 0, 0, 0, 22, 25, 0, 0, 0, 2, 0, 0, 0, 6);
-- Assign umpires for all 15 matches
-- Match 1
INSERT INTO Match_Umpire (Match_id, Umpire_id) VALUES (1, 100);
INSERT INTO Match_Umpire (Match_id, Umpire_id) VALUES (1, 101);

-- Match 2
INSERT INTO Match_Umpire (Match_id, Umpire_id) VALUES (2, 102);
INSERT INTO Match_Umpire (Match_id, Umpire_id) VALUES (2, 103);

-- Match 3
INSERT INTO Match_Umpire (Match_id, Umpire_id) VALUES (3, 104);
INSERT INTO Match_Umpire (Match_id, Umpire_id) VALUES (3, 105);

-- Match 4
INSERT INTO Match_Umpire (Match_id, Umpire_id) VALUES (4, 106);
INSERT INTO Match_Umpire (Match_id, Umpire_id) VALUES (4, 107);

-- Match 5
INSERT INTO Match_Umpire (Match_id, Umpire_id) VALUES (5, 108);
INSERT INTO Match_Umpire (Match_id, Umpire_id) VALUES (5, 109);

-- Match 6
INSERT INTO Match_Umpire (Match_id, Umpire_id) VALUES (6, 100);
INSERT INTO Match_Umpire (Match_id, Umpire_id) VALUES (6, 101);

-- Match 7
INSERT INTO Match_Umpire (Match_id, Umpire_id) VALUES (7, 102);
INSERT INTO Match_Umpire (Match_id, Umpire_id) VALUES (7, 103);

-- Match 8
INSERT INTO Match_Umpire (Match_id, Umpire_id) VALUES (8, 104);
INSERT INTO Match_Umpire (Match_id, Umpire_id) VALUES (8, 105);

-- Match 9
INSERT INTO Match_Umpire (Match_id, Umpire_id) VALUES (9, 106);
INSERT INTO Match_Umpire (Match_id, Umpire_id) VALUES (9, 107);

-- Match 10
INSERT INTO Match_Umpire (Match_id, Umpire_id) VALUES (10, 108);
INSERT INTO Match_Umpire (Match_id, Umpire_id) VALUES (10, 109);

-- Match 11
INSERT INTO Match_Umpire (Match_id, Umpire_id) VALUES (11, 100);
INSERT INTO Match_Umpire (Match_id, Umpire_id) VALUES (11, 101);

-- Match 12
INSERT INTO Match_Umpire (Match_id, Umpire_id) VALUES (12, 102);
INSERT INTO Match_Umpire (Match_id, Umpire_id) VALUES (12, 103);

-- Match 13
INSERT INTO Match_Umpire (Match_id, Umpire_id) VALUES (13, 104);
INSERT INTO Match_Umpire (Match_id, Umpire_id) VALUES (13, 105);

-- Match 14
INSERT INTO Match_Umpire (Match_id, Umpire_id) VALUES (14, 106);
INSERT INTO Match_Umpire (Match_id, Umpire_id) VALUES (14, 107);

-- Match 15
INSERT INTO Match_Umpire (Match_id, Umpire_id) VALUES (15, 108);
INSERT INTO Match_Umpire (Match_id, Umpire_id) VALUES (15, 109);
-- Assign participating teams for all 15 matches
-- Match 1
INSERT INTO Plays (Match_id, Team_id, Schedule) VALUES (1, 1, TO_DATE('2023-08-15', 'YYYY-MM-DD'));
INSERT INTO Plays (Match_id, Team_id, Schedule) VALUES (1, 2, TO_DATE('2023-08-15', 'YYYY-MM-DD'));

-- Match 2
INSERT INTO Plays (Match_id, Team_id, Schedule) VALUES (2, 1, TO_DATE('2023-08-16', 'YYYY-MM-DD'));
INSERT INTO Plays (Match_id, Team_id, Schedule) VALUES (2, 2, TO_DATE('2023-08-16', 'YYYY-MM-DD'));

-- Match 3
INSERT INTO Plays (Match_id, Team_id, Schedule) VALUES (3, 1, TO_DATE('2023-08-17', 'YYYY-MM-DD'));
INSERT INTO Plays (Match_id, Team_id, Schedule) VALUES (3, 2, TO_DATE('2023-08-17', 'YYYY-MM-DD'));

-- Match 4
INSERT INTO Plays (Match_id, Team_id, Schedule) VALUES (4, 3, TO_DATE('2023-08-18', 'YYYY-MM-DD'));
INSERT INTO Plays (Match_id, Team_id, Schedule) VALUES (4, 4, TO_DATE('2023-08-18', 'YYYY-MM-DD'));

-- Match 5
INSERT INTO Plays (Match_id, Team_id, Schedule) VALUES (5, 3, TO_DATE('2023-08-19', 'YYYY-MM-DD'));
INSERT INTO Plays (Match_id, Team_id, Schedule) VALUES (5, 4, TO_DATE('2023-08-19', 'YYYY-MM-DD'));

-- Match 6
INSERT INTO Plays (Match_id, Team_id, Schedule) VALUES (6, 3, TO_DATE('2023-08-20', 'YYYY-MM-DD'));
INSERT INTO Plays (Match_id, Team_id, Schedule) VALUES (6, 4, TO_DATE('2023-08-20', 'YYYY-MM-DD'));

-- Match 7
INSERT INTO Plays (Match_id, Team_id, Schedule) VALUES (7, 5, TO_DATE('2023-08-21', 'YYYY-MM-DD'));
INSERT INTO Plays (Match_id, Team_id, Schedule) VALUES (7, 6, TO_DATE('2023-08-21', 'YYYY-MM-DD'));

-- Match 8
INSERT INTO Plays (Match_id, Team_id, Schedule) VALUES (8, 5, TO_DATE('2023-08-22', 'YYYY-MM-DD'));
INSERT INTO Plays (Match_id, Team_id, Schedule) VALUES (8, 6, TO_DATE('2023-08-22', 'YYYY-MM-DD'));

-- Match 9
INSERT INTO Plays (Match_id, Team_id, Schedule) VALUES (9, 5, TO_DATE('2023-08-23', 'YYYY-MM-DD'));
INSERT INTO Plays (Match_id, Team_id, Schedule) VALUES (9, 6, TO_DATE('2023-08-23', 'YYYY-MM-DD'));

-- Match 10
INSERT INTO Plays (Match_id, Team_id, Schedule) VALUES (10, 7, TO_DATE('2023-08-24', 'YYYY-MM-DD'));
INSERT INTO Plays (Match_id, Team_id, Schedule) VALUES (10, 8, TO_DATE('2023-08-24', 'YYYY-MM-DD'));

-- Match 11
INSERT INTO Plays (Match_id, Team_id, Schedule) VALUES (11, 7, TO_DATE('2023-08-25', 'YYYY-MM-DD'));
INSERT INTO Plays (Match_id, Team_id, Schedule) VALUES (11, 8, TO_DATE('2023-08-25', 'YYYY-MM-DD'));

-- Match 12
INSERT INTO Plays (Match_id, Team_id, Schedule) VALUES (12, 7, TO_DATE('2023-08-26', 'YYYY-MM-DD'));
INSERT INTO Plays (Match_id, Team_id, Schedule) VALUES (12, 8, TO_DATE('2023-08-26', 'YYYY-MM-DD'));

-- Match 13
INSERT INTO Plays (Match_id, Team_id, Schedule) VALUES (13, 2, TO_DATE('2023-08-27', 'YYYY-MM-DD'));
INSERT INTO Plays (Match_id, Team_id, Schedule) VALUES (13, 6, TO_DATE('2023-08-27', 'YYYY-MM-DD'));

-- Match 14
INSERT INTO Plays (Match_id, Team_id, Schedule) VALUES (14, 2, TO_DATE('2023-08-28', 'YYYY-MM-DD'));
INSERT INTO Plays (Match_id, Team_id, Schedule) VALUES (14, 6, TO_DATE('2023-08-28', 'YYYY-MM-DD'));

-- Match 15
INSERT INTO Plays (Match_id, Team_id, Schedule) VALUES (15, 2, TO_DATE('2023-08-29', 'YYYY-MM-DD'));
INSERT INTO Plays (Match_id, Team_id, Schedule) VALUES (15, 6, TO_DATE('2023-08-29', 'YYYY-MM-DD'));
-- England Batsmen
INSERT INTO Scorecard (Scorecard_id, Player_id, Overs_Bowled, Taken_Wickets, Given_Total_Runs, Total_Runs, Total_Balls_Faced, Given_Extras, Maiden_Overs_Given, Total_Sixes_Hit, Total_Fours_Hit, Demerit_Points, Penalized, Total_Catches_Taken, Match_id)
VALUES (133, 45, 0, 0, 0, 75, 85, 0, 0, 1, 12, 0, 0, 0, 7);

INSERT INTO Scorecard (Scorecard_id, Player_id, Overs_Bowled, Taken_Wickets, Given_Total_Runs, Total_Runs, Total_Balls_Faced, Given_Extras, Maiden_Overs_Given, Total_Sixes_Hit, Total_Fours_Hit, Demerit_Points, Penalized, Total_Catches_Taken, Match_id)
VALUES (134, 46, 0, 0, 0, 32, 40, 0, 0, 1, 3, 0, 0, 0, 7);

INSERT INTO Scorecard (Scorecard_id, Player_id, Overs_Bowled, Taken_Wickets, Given_Total_Runs, Total_Runs, Total_Balls_Faced, Given_Extras, Maiden_Overs_Given, Total_Sixes_Hit, Total_Fours_Hit, Demerit_Points, Penalized, Total_Catches_Taken, Match_id)
VALUES (135, 47, 0, 0, 0, 48, 60, 0, 0, 2, 5, 0, 0, 0, 7);

INSERT INTO Scorecard (Scorecard_id, Player_id, Overs_Bowled, Taken_Wickets, Given_Total_Runs, Total_Runs, Total_Balls_Faced, Given_Extras, Maiden_Overs_Given, Total_Sixes_Hit, Total_Fours_Hit, Demerit_Points, Penalized, Total_Catches_Taken, Match_id)
VALUES (136, 48, 0, 0, 0, 60, 50, 0, 0, 1, 8, 0, 0, 0, 7);

INSERT INTO Scorecard (Scorecard_id, Player_id, Overs_Bowled, Taken_Wickets, Given_Total_Runs, Total_Runs, Total_Balls_Faced, Given_Extras, Maiden_Overs_Given, Total_Sixes_Hit, Total_Fours_Hit, Demerit_Points, Penalized, Total_Catches_Taken, Match_id)
VALUES (137, 49, 0, 0, 0, 42, 30, 0, 0, 0, 6, 0, 0, 0, 7);

INSERT INTO Scorecard (Scorecard_id, Player_id, Overs_Bowled, Taken_Wickets, Given_Total_Runs, Total_Runs, Total_Balls_Faced, Given_Extras, Maiden_Overs_Given, Total_Sixes_Hit, Total_Fours_Hit, Demerit_Points, Penalized, Total_Catches_Taken, Match_id)
VALUES (138, 50, 0, 0, 0, 18, 20, 0, 0, 0, 2, 0, 0, 0, 7);

-- England Bowlers
INSERT INTO Scorecard (Scorecard_id, Player_id, Overs_Bowled, Taken_Wickets, Given_Total_Runs, Total_Runs, Total_Balls_Faced, Given_Extras, Maiden_Overs_Given, Total_Sixes_Hit, Total_Fours_Hit, Demerit_Points, Penalized, Total_Catches_Taken, Match_id)
VALUES (139, 51, 10.0, 1, 45, 4, 8, 2, 0, 0, 0, 0, 0, 0, 7);

INSERT INTO Scorecard (Scorecard_id, Player_id, Overs_Bowled, Taken_Wickets, Given_Total_Runs, Total_Runs, Total_Balls_Faced, Given_Extras, Maiden_Overs_Given, Total_Sixes_Hit, Total_Fours_Hit, Demerit_Points, Penalized, Total_Catches_Taken, Match_id)
VALUES (140, 52, 10.0, 3, 40, 18, 16, 0, 0, 0, 3, 0, 0, 0, 7);

INSERT INTO Scorecard (Scorecard_id, Player_id, Overs_Bowled, Taken_Wickets, Given_Total_Runs, Total_Runs, Total_Balls_Faced, Given_Extras, Maiden_Overs_Given, Total_Sixes_Hit, Total_Fours_Hit, Demerit_Points, Penalized, Total_Catches_Taken, Match_id)
VALUES (141, 53, 10.0, 2, 38, 12, 8, 2, 0, 0, 1, 0, 0, 0, 7);

INSERT INTO Scorecard (Scorecard_id, Player_id, Overs_Bowled, Taken_Wickets, Given_Total_Runs, Total_Runs, Total_Balls_Faced, Given_Extras, Maiden_Overs_Given, Total_Sixes_Hit, Total_Fours_Hit, Demerit_Points, Penalized, Total_Catches_Taken, Match_id)
VALUES (142, 54, 10.0, 1, 50, 14, 12, 2, 0, 0, 2, 0, 0, 0, 7);

INSERT INTO Scorecard (Scorecard_id, Player_id, Overs_Bowled, Taken_Wickets, Given_Total_Runs, Total_Runs, Total_Balls_Faced, Given_Extras, Maiden_Overs_Given, Total_Sixes_Hit, Total_Fours_Hit, Demerit_Points, Penalized, Total_Catches_Taken, Match_id)
VALUES (143, 55, 10.0, 1, 60, 6, 8, 2, 0, 0, 0, 0, 0, 0, 7);
-- Australia Batsmen
INSERT INTO Scorecard (Scorecard_id, Player_id, Overs_Bowled, Taken_Wickets, Given_Total_Runs, Total_Runs, Total_Balls_Faced, Given_Extras, Maiden_Overs_Given, Total_Sixes_Hit, Total_Fours_Hit, Demerit_Points, Penalized, Total_Catches_Taken, Match_id)
VALUES (144, 34, 0, 0, 0, 85, 90, 0, 0, 1, 13, 0, 0, 0, 7);

INSERT INTO Scorecard (Scorecard_id, Player_id, Overs_Bowled, Taken_Wickets, Given_Total_Runs, Total_Runs, Total_Balls_Faced, Given_Extras, Maiden_Overs_Given, Total_Sixes_Hit, Total_Fours_Hit, Demerit_Points, Penalized, Total_Catches_Taken, Match_id)
VALUES (145, 35, 0, 0, 0, 42, 60, 0, 0, 1, 5, 0, 0, 0, 7);

INSERT INTO Scorecard (Scorecard_id, Player_id, Overs_Bowled, Taken_Wickets, Given_Total_Runs, Total_Runs, Total_Balls_Faced, Given_Extras, Maiden_Overs_Given, Total_Sixes_Hit, Total_Fours_Hit, Demerit_Points, Penalized, Total_Catches_Taken, Match_id)
VALUES (146, 36, 0, 0, 0, 58, 70, 0, 0, 2, 6, 0, 0, 0, 7);

INSERT INTO Scorecard (Scorecard_id, Player_id, Overs_Bowled, Taken_Wickets, Given_Total_Runs, Total_Runs, Total_Balls_Faced, Given_Extras, Maiden_Overs_Given, Total_Sixes_Hit, Total_Fours_Hit, Demerit_Points, Penalized, Total_Catches_Taken, Match_id)
VALUES (147, 37, 0, 0, 0, 62, 55, 0, 0, 1, 7, 0, 0, 0, 7);

INSERT INTO Scorecard (Scorecard_id, Player_id, Overs_Bowled, Taken_Wickets, Given_Total_Runs, Total_Runs, Total_Balls_Faced, Given_Extras, Maiden_Overs_Given, Total_Sixes_Hit, Total_Fours_Hit, Demerit_Points, Penalized, Total_Catches_Taken, Match_id)
VALUES (148, 38, 0, 0, 0, 40, 30, 0, 0, 0, 4, 0, 0, 0, 7);

INSERT INTO Scorecard (Scorecard_id, Player_id, Overs_Bowled, Taken_Wickets, Given_Total_Runs, Total_Runs, Total_Balls_Faced, Given_Extras, Maiden_Overs_Given, Total_Sixes_Hit, Total_Fours_Hit, Demerit_Points, Penalized, Total_Catches_Taken, Match_id)
VALUES (149, 39, 0, 0, 0, 22, 18, 0, 0, 0, 3, 0, 0, 0, 7);

-- Australia Bowlers
INSERT INTO Scorecard (Scorecard_id, Player_id, Overs_Bowled, Taken_Wickets, Given_Total_Runs, Total_Runs, Total_Balls_Faced, Given_Extras, Maiden_Overs_Given, Total_Sixes_Hit, Total_Fours_Hit, Demerit_Points, Penalized, Total_Catches_Taken, Match_id)
VALUES (150, 40, 10.0, 2, 48, 5, 10, 3, 0, 0, 0, 0, 0, 0, 7);

INSERT INTO Scorecard (Scorecard_id, Player_id, Overs_Bowled, Taken_Wickets, Given_Total_Runs, Total_Runs, Total_Balls_Faced, Given_Extras, Maiden_Overs_Given, Total_Sixes_Hit, Total_Fours_Hit, Demerit_Points, Penalized, Total_Catches_Taken, Match_id)
VALUES (151, 41, 10.0, 0, 32, 8, 12, 2, 0, 0, 1, 0, 0, 0, 7);

INSERT INTO Scorecard (Scorecard_id, Player_id, Overs_Bowled, Taken_Wickets, Given_Total_Runs, Total_Runs, Total_Balls_Faced, Given_Extras, Maiden_Overs_Given, Total_Sixes_Hit, Total_Fours_Hit, Demerit_Points, Penalized, Total_Catches_Taken, Match_id)
VALUES (152, 42, 10.0, 1, 40, 12, 10, 0, 0, 0, 2, 0, 0, 0, 7);

INSERT INTO Scorecard (Scorecard_id, Player_id, Overs_Bowled, Taken_Wickets, Given_Total_Runs, Total_Runs, Total_Balls_Faced, Given_Extras, Maiden_Overs_Given, Total_Sixes_Hit, Total_Fours_Hit, Demerit_Points, Penalized, Total_Catches_Taken, Match_id)
VALUES (153, 43, 10.0, 0, 52, 6, 10, 1, 0, 0, 1, 0, 0, 0, 7);

INSERT INTO Scorecard (Scorecard_id, Player_id, Overs_Bowled, Taken_Wickets, Given_Total_Runs, Total_Runs, Total_Balls_Faced, Given_Extras, Maiden_Overs_Given, Total_Sixes_Hit, Total_Fours_Hit, Demerit_Points, Penalized, Total_Catches_Taken, Match_id)
VALUES (154, 44, 10.0, 2, 56, 7, 8, 2, 0, 0, 0, 0, 0, 0, 7);
-- England Batsmen
INSERT INTO Scorecard (Scorecard_id, Player_id, Overs_Bowled, Taken_Wickets, Given_Total_Runs, Total_Runs, Total_Balls_Faced, Given_Extras, Maiden_Overs_Given, Total_Sixes_Hit, Total_Fours_Hit, Demerit_Points, Penalized, Total_Catches_Taken, Match_id)
VALUES (155, 45, 0, 0, 0, 78, 85, 0, 0, 1, 9, 0, 0, 0, 8);

INSERT INTO Scorecard (Scorecard_id, Player_id, Overs_Bowled, Taken_Wickets, Given_Total_Runs, Total_Runs, Total_Balls_Faced, Given_Extras, Maiden_Overs_Given, Total_Sixes_Hit, Total_Fours_Hit, Demerit_Points, Penalized, Total_Catches_Taken, Match_id)
VALUES (156, 46, 0, 0, 0, 62, 70, 0, 0, 2, 5, 0, 0, 0, 8);

INSERT INTO Scorecard (Scorecard_id, Player_id, Overs_Bowled, Taken_Wickets, Given_Total_Runs, Total_Runs, Total_Balls_Faced, Given_Extras, Maiden_Overs_Given, Total_Sixes_Hit, Total_Fours_Hit, Demerit_Points, Penalized, Total_Catches_Taken, Match_id)
VALUES (157, 47, 0, 0, 0, 42, 45, 0, 0, 0, 5, 0, 0, 0, 8);

INSERT INTO Scorecard (Scorecard_id, Player_id, Overs_Bowled, Taken_Wickets, Given_Total_Runs, Total_Runs, Total_Balls_Faced, Given_Extras, Maiden_Overs_Given, Total_Sixes_Hit, Total_Fours_Hit, Demerit_Points, Penalized, Total_Catches_Taken, Match_id)
VALUES (158, 48, 0, 0, 0, 60, 55, 0, 0, 1, 7, 0, 0, 0, 8);

INSERT INTO Scorecard (Scorecard_id, Player_id, Overs_Bowled, Taken_Wickets, Given_Total_Runs, Total_Runs, Total_Balls_Faced, Given_Extras, Maiden_Overs_Given, Total_Sixes_Hit, Total_Fours_Hit, Demerit_Points, Penalized, Total_Catches_Taken, Match_id)
VALUES (159, 49, 0, 0, 0, 35, 30, 0, 0, 0, 3, 0, 0, 0, 8);

INSERT INTO Scorecard (Scorecard_id, Player_id, Overs_Bowled, Taken_Wickets, Given_Total_Runs, Total_Runs, Total_Balls_Faced, Given_Extras, Maiden_Overs_Given, Total_Sixes_Hit, Total_Fours_Hit, Demerit_Points, Penalized, Total_Catches_Taken, Match_id)
VALUES (160, 50, 0, 0, 0, 40, 25, 0, 0, 1, 5, 0, 0, 0, 8);

-- England Bowlers
INSERT INTO Scorecard (Scorecard_id, Player_id, Overs_Bowled, Taken_Wickets, Given_Total_Runs, Total_Runs, Total_Balls_Faced, Given_Extras, Maiden_Overs_Given, Total_Sixes_Hit, Total_Fours_Hit, Demerit_Points, Penalized, Total_Catches_Taken, Match_id)
VALUES (161, 51, 10.0, 1, 36, 9, 10, 2, 0, 0, 1, 0, 0, 0, 8);

INSERT INTO Scorecard (Scorecard_id, Player_id, Overs_Bowled, Taken_Wickets, Given_Total_Runs, Total_Runs, Total_Balls_Faced, Given_Extras, Maiden_Overs_Given, Total_Sixes_Hit, Total_Fours_Hit, Demerit_Points, Penalized, Total_Catches_Taken, Match_id)
VALUES (162, 52, 10.0, 2, 48, 7, 8, 2, 0, 0, 0, 0, 0, 0, 8);

INSERT INTO Scorecard (Scorecard_id, Player_id, Overs_Bowled, Taken_Wickets, Given_Total_Runs, Total_Runs, Total_Balls_Faced, Given_Extras, Maiden_Overs_Given, Total_Sixes_Hit, Total_Fours_Hit, Demerit_Points, Penalized, Total_Catches_Taken, Match_id)
VALUES (163, 53, 10.0, 0, 30, 10, 10, 0, 0, 0, 2, 0, 0, 0, 8);

INSERT INTO Scorecard (Scorecard_id, Player_id, Overs_Bowled, Taken_Wickets, Given_Total_Runs, Total_Runs, Total_Balls_Faced, Given_Extras, Maiden_Overs_Given, Total_Sixes_Hit, Total_Fours_Hit, Demerit_Points, Penalized, Total_Catches_Taken, Match_id)
VALUES (164, 54, 10.0, 2, 50, 5, 8, 2, 0, 0, 0, 0, 0, 0, 8);

INSERT INTO Scorecard (Scorecard_id, Player_id, Overs_Bowled, Taken_Wickets, Given_Total_Runs, Total_Runs, Total_Balls_Faced, Given_Extras, Maiden_Overs_Given, Total_Sixes_Hit, Total_Fours_Hit, Demerit_Points, Penalized, Total_Catches_Taken, Match_id)
VALUES (165, 55, 10.0, 0, 32, 6, 12, 1, 0, 0, 0, 0, 0, 0, 8);


-- Australia Batsmen
INSERT INTO Scorecard (Scorecard_id, Player_id, Overs_Bowled, Taken_Wickets, Given_Total_Runs, Total_Runs, Total_Balls_Faced, Given_Extras, Maiden_Overs_Given, Total_Sixes_Hit, Total_Fours_Hit, Demerit_Points, Penalized, Total_Catches_Taken, Match_id)
VALUES (166, 34, 0, 0, 0, 72, 80, 0, 0, 1, 8, 0, 0, 0, 8);

INSERT INTO Scorecard (Scorecard_id, Player_id, Overs_Bowled, Taken_Wickets, Given_Total_Runs, Total_Runs, Total_Balls_Faced, Given_Extras, Maiden_Overs_Given, Total_Sixes_Hit, Total_Fours_Hit, Demerit_Points, Penalized, Total_Catches_Taken, Match_id)
VALUES (167, 35, 0, 0, 0, 68, 70, 0, 0, 2, 6, 0, 0, 0, 8);

INSERT INTO Scorecard (Scorecard_id, Player_id, Overs_Bowled, Taken_Wickets, Given_Total_Runs, Total_Runs, Total_Balls_Faced, Given_Extras, Maiden_Overs_Given, Total_Sixes_Hit, Total_Fours_Hit, Demerit_Points, Penalized, Total_Catches_Taken, Match_id)
VALUES (168, 36, 0, 0, 0, 45, 55, 0, 0, 0, 4, 0, 0, 0, 8);

INSERT INTO Scorecard (Scorecard_id, Player_id, Overs_Bowled, Taken_Wickets, Given_Total_Runs, Total_Runs, Total_Balls_Faced, Given_Extras, Maiden_Overs_Given, Total_Sixes_Hit, Total_Fours_Hit, Demerit_Points, Penalized, Total_Catches_Taken, Match_id)
VALUES (169, 37, 0, 0, 0, 50, 40, 0, 0, 1, 5, 0, 0, 0, 8);

INSERT INTO Scorecard (Scorecard_id, Player_id, Overs_Bowled, Taken_Wickets, Given_Total_Runs, Total_Runs, Total_Balls_Faced, Given_Extras, Maiden_Overs_Given, Total_Sixes_Hit, Total_Fours_Hit, Demerit_Points, Penalized, Total_Catches_Taken, Match_id)
VALUES (170, 38, 0, 0, 0, 60, 50, 0, 0, 0, 7, 0, 0, 0, 8);

INSERT INTO Scorecard (Scorecard_id, Player_id, Overs_Bowled, Taken_Wickets, Given_Total_Runs, Total_Runs, Total_Balls_Faced, Given_Extras, Maiden_Overs_Given, Total_Sixes_Hit, Total_Fours_Hit, Demerit_Points, Penalized, Total_Catches_Taken, Match_id)
VALUES (171, 39, 0, 0, 0, 40, 30, 0, 0, 1, 4, 0, 0, 0, 8);

-- Australia Bowlers
INSERT INTO Scorecard (Scorecard_id, Player_id, Overs_Bowled, Taken_Wickets, Given_Total_Runs, Total_Runs, Total_Balls_Faced, Given_Extras, Maiden_Overs_Given, Total_Sixes_Hit, Total_Fours_Hit, Demerit_Points, Penalized, Total_Catches_Taken, Match_id)
VALUES (172, 40, 10.0, 1, 45, 9, 10, 2, 0, 0, 1, 0, 0, 0, 8);

INSERT INTO Scorecard (Scorecard_id, Player_id, Overs_Bowled, Taken_Wickets, Given_Total_Runs, Total_Runs, Total_Balls_Faced, Given_Extras, Maiden_Overs_Given, Total_Sixes_Hit, Total_Fours_Hit, Demerit_Points, Penalized, Total_Catches_Taken, Match_id)
VALUES (173, 41, 10.0, 2, 55, 8, 10, 1, 0, 0, 0, 0, 0, 0, 8);

INSERT INTO Scorecard (Scorecard_id, Player_id, Overs_Bowled, Taken_Wickets, Given_Total_Runs, Total_Runs, Total_Balls_Faced, Given_Extras, Maiden_Overs_Given, Total_Sixes_Hit, Total_Fours_Hit, Demerit_Points, Penalized, Total_Catches_Taken, Match_id)
VALUES (174, 42, 10.0, 0, 38, 12, 10, 0, 0, 0, 2, 0, 0, 0, 8);

INSERT INTO Scorecard (Scorecard_id, Player_id, Overs_Bowled, Taken_Wickets, Given_Total_Runs, Total_Runs, Total_Balls_Faced, Given_Extras, Maiden_Overs_Given, Total_Sixes_Hit, Total_Fours_Hit, Demerit_Points, Penalized, Total_Catches_Taken, Match_id)
VALUES (175, 43, 10.0, 1, 42, 7, 5, 0, 0, 0, 1, 0, 0, 0, 8);

INSERT INTO Scorecard (Scorecard_id, Player_id, Overs_Bowled, Taken_Wickets, Given_Total_Runs, Total_Runs, Total_Balls_Faced, Given_Extras, Maiden_Overs_Given, Total_Sixes_Hit, Total_Fours_Hit, Demerit_Points, Penalized, Total_Catches_Taken, Match_id)
VALUES (176, 44, 10.0, 2, 40, 6, 8, 0, 0, 0, 0, 0, 0, 0, 8);
-- England Batsmen
INSERT INTO Scorecard (Scorecard_id, Player_id, Overs_Bowled, Taken_Wickets, Given_Total_Runs, Total_Runs, Total_Balls_Faced, Given_Extras, Maiden_Overs_Given, Total_Sixes_Hit, Total_Fours_Hit, Demerit_Points, Penalized, Total_Catches_Taken, Match_id)
VALUES (177, 45, 0, 0, 0, 85, 80, 0, 0, 0, 12, 0, 0, 0, 9);

INSERT INTO Scorecard (Scorecard_id, Player_id, Overs_Bowled, Taken_Wickets, Given_Total_Runs, Total_Runs, Total_Balls_Faced, Given_Extras, Maiden_Overs_Given, Total_Sixes_Hit, Total_Fours_Hit, Demerit_Points, Penalized, Total_Catches_Taken, Match_id)
VALUES (178, 46, 0, 0, 0, 68, 75, 0, 0, 2, 8, 0, 0, 0, 9);

INSERT INTO Scorecard (Scorecard_id, Player_id, Overs_Bowled, Taken_Wickets, Given_Total_Runs, Total_Runs, Total_Balls_Faced, Given_Extras, Maiden_Overs_Given, Total_Sixes_Hit, Total_Fours_Hit, Demerit_Points, Penalized, Total_Catches_Taken, Match_id)
VALUES (179, 47, 0, 0, 0, 42, 50, 0, 0, 1, 5, 0, 0, 0, 9);

INSERT INTO Scorecard (Scorecard_id, Player_id, Overs_Bowled, Taken_Wickets, Given_Total_Runs, Total_Runs, Total_Balls_Faced, Given_Extras, Maiden_Overs_Given, Total_Sixes_Hit, Total_Fours_Hit, Demerit_Points, Penalized, Total_Catches_Taken, Match_id)
VALUES (180, 48, 0, 0, 0, 55, 60, 0, 0, 0, 6, 0, 0, 0, 9);

INSERT INTO Scorecard (Scorecard_id, Player_id, Overs_Bowled, Taken_Wickets, Given_Total_Runs, Total_Runs, Total_Balls_Faced, Given_Extras, Maiden_Overs_Given, Total_Sixes_Hit, Total_Fours_Hit, Demerit_Points, Penalized, Total_Catches_Taken, Match_id)
VALUES (181, 49, 0, 0, 0, 62, 55, 0, 0, 1, 7, 0, 0, 0, 9);

-- England Bowlers
INSERT INTO Scorecard (Scorecard_id, Player_id, Overs_Bowled, Taken_Wickets, Given_Total_Runs, Total_Runs, Total_Balls_Faced, Given_Extras, Maiden_Overs_Given, Total_Sixes_Hit, Total_Fours_Hit, Demerit_Points, Penalized, Total_Catches_Taken, Match_id)
VALUES (182, 50, 10.0, 1, 55, 12, 15, 1, 0, 0, 1, 0, 0, 0, 9);

INSERT INTO Scorecard (Scorecard_id, Player_id, Overs_Bowled, Taken_Wickets, Given_Total_Runs, Total_Runs, Total_Balls_Faced, Given_Extras, Maiden_Overs_Given, Total_Sixes_Hit, Total_Fours_Hit, Demerit_Points, Penalized, Total_Catches_Taken, Match_id)
VALUES (183, 51, 10.0, 2, 40, 8, 12, 0, 0, 0, 0, 0, 0, 0, 9);

INSERT INTO Scorecard (Scorecard_id, Player_id, Overs_Bowled, Taken_Wickets, Given_Total_Runs, Total_Runs, Total_Balls_Faced, Given_Extras, Maiden_Overs_Given, Total_Sixes_Hit, Total_Fours_Hit, Demerit_Points, Penalized, Total_Catches_Taken, Match_id)
VALUES (184, 52, 10.0, 0, 50, 10, 10, 1, 0, 0, 2, 0, 0, 0, 9);

INSERT INTO Scorecard (Scorecard_id, Player_id, Overs_Bowled, Taken_Wickets, Given_Total_Runs, Total_Runs, Total_Balls_Faced, Given_Extras, Maiden_Overs_Given, Total_Sixes_Hit, Total_Fours_Hit, Demerit_Points, Penalized, Total_Catches_Taken, Match_id)
VALUES (185, 53, 10.0, 1, 55, 7, 10, 0, 0, 0, 1, 0, 0, 0, 9);

INSERT INTO Scorecard (Scorecard_id, Player_id, Overs_Bowled, Taken_Wickets, Given_Total_Runs, Total_Runs, Total_Balls_Faced, Given_Extras, Maiden_Overs_Given, Total_Sixes_Hit, Total_Fours_Hit, Demerit_Points, Penalized, Total_Catches_Taken, Match_id)
VALUES (186, 54, 10.0, 1, 40, 5, 8, 0, 0, 0, 0, 0, 0, 0, 9);
INSERT INTO Scorecard (Scorecard_id, Player_id, Overs_Bowled, Taken_Wickets, Given_Total_Runs, Total_Runs, Total_Balls_Faced, Given_Extras, Maiden_Overs_Given, Total_Sixes_Hit, Total_Fours_Hit, Demerit_Points, Penalized, Total_Catches_Taken, Match_id)
VALUES (187, 55, 0, 0, 0, 18, 20, 0, 0, 0, 3, 0, 0, 0, 9);

-- Australia Batsmen
INSERT INTO Scorecard (Scorecard_id, Player_id, Overs_Bowled, Taken_Wickets, Given_Total_Runs, Total_Runs, Total_Balls_Faced, Given_Extras, Maiden_Overs_Given, Total_Sixes_Hit, Total_Fours_Hit, Demerit_Points, Penalized, Total_Catches_Taken, Match_id)
VALUES (188, 34, 0, 0, 0, 42, 50, 0, 0, 1, 5, 0, 0, 0, 9);

INSERT INTO Scorecard (Scorecard_id, Player_id, Overs_Bowled, Taken_Wickets, Given_Total_Runs, Total_Runs, Total_Balls_Faced, Given_Extras, Maiden_Overs_Given, Total_Sixes_Hit, Total_Fours_Hit, Demerit_Points, Penalized, Total_Catches_Taken, Match_id)
VALUES (189, 35, 0, 0, 0, 28, 35, 0, 0, 0, 3, 0, 0, 0, 9);

INSERT INTO Scorecard (Scorecard_id, Player_id, Overs_Bowled, Taken_Wickets, Given_Total_Runs, Total_Runs, Total_Balls_Faced, Given_Extras, Maiden_Overs_Given, Total_Sixes_Hit, Total_Fours_Hit, Demerit_Points, Penalized, Total_Catches_Taken, Match_id)
VALUES (190, 36, 0, 0, 0, 18, 25, 0, 0, 0, 2, 0, 0, 0, 9);

INSERT INTO Scorecard (Scorecard_id, Player_id, Overs_Bowled, Taken_Wickets, Given_Total_Runs, Total_Runs, Total_Balls_Faced, Given_Extras, Maiden_Overs_Given, Total_Sixes_Hit, Total_Fours_Hit, Demerit_Points, Penalized, Total_Catches_Taken, Match_id)
VALUES (191, 37, 0, 0, 0, 32, 40, 0, 0, 0, 3, 0, 0, 0, 9);

INSERT INTO Scorecard (Scorecard_id, Player_id, Overs_Bowled, Taken_Wickets, Given_Total_Runs, Total_Runs, Total_Balls_Faced, Given_Extras, Maiden_Overs_Given, Total_Sixes_Hit, Total_Fours_Hit, Demerit_Points, Penalized, Total_Catches_Taken, Match_id)
VALUES (192, 38, 0, 0, 0, 14, 20, 0, 0, 0, 1, 0, 0, 0, 9);

INSERT INTO Scorecard (Scorecard_id, Player_id, Overs_Bowled, Taken_Wickets, Given_Total_Runs, Total_Runs, Total_Balls_Faced, Given_Extras, Maiden_Overs_Given, Total_Sixes_Hit, Total_Fours_Hit, Demerit_Points, Penalized, Total_Catches_Taken, Match_id)
VALUES (193, 39, 0, 0, 0, 7, 10, 0, 0, 0, 1, 0, 0, 0, 9);

-- Australia Bowlers
INSERT INTO Scorecard (Scorecard_id, Player_id, Overs_Bowled, Taken_Wickets, Given_Total_Runs, Total_Runs, Total_Balls_Faced, Given_Extras, Maiden_Overs_Given, Total_Sixes_Hit, Total_Fours_Hit, Demerit_Points, Penalized, Total_Catches_Taken, Match_id)
VALUES (194, 40, 4.0, 1, 28, 2, 3, 0, 1, 0, 0, 0, 0, 0, 9);

INSERT INTO Scorecard (Scorecard_id, Player_id, Overs_Bowled, Taken_Wickets, Given_Total_Runs, Total_Runs, Total_Balls_Faced, Given_Extras, Maiden_Overs_Given, Total_Sixes_Hit, Total_Fours_Hit, Demerit_Points, Penalized, Total_Catches_Taken, Match_id)
VALUES (195, 41, 5.0, 2, 35, 1, 2, 1, 0, 0, 0, 0, 0, 0, 9);
-- Australia Batsmen (Continued)
INSERT INTO Scorecard (Scorecard_id, Player_id, Overs_Bowled, Taken_Wickets, Given_Total_Runs, Total_Runs, Total_Balls_Faced, Given_Extras, Maiden_Overs_Given, Total_Sixes_Hit, Total_Fours_Hit, Demerit_Points, Penalized, Total_Catches_Taken, Match_id)
VALUES (196, 42, 0, 0, 0, 12, 15, 0, 0, 0, 0, 0, 0, 0, 9);

INSERT INTO Scorecard (Scorecard_id, Player_id, Overs_Bowled, Taken_Wickets, Given_Total_Runs, Total_Runs, Total_Balls_Faced, Given_Extras, Maiden_Overs_Given, Total_Sixes_Hit, Total_Fours_Hit, Demerit_Points, Penalized, Total_Catches_Taken, Match_id)
VALUES (197, 43, 0, 0, 0, 18, 25, 0, 0, 0, 3, 0, 0, 0, 9);

INSERT INTO Scorecard (Scorecard_id, Player_id, Overs_Bowled, Taken_Wickets, Given_Total_Runs, Total_Runs, Total_Balls_Faced, Given_Extras, Maiden_Overs_Given, Total_Sixes_Hit, Total_Fours_Hit, Demerit_Points, Penalized, Total_Catches_Taken, Match_id)
VALUES (198, 44, 0, 0, 0, 10, 15, 0, 0, 0, 2, 0, 0, 0, 9);


